,Area,Year,Value
320,Afghanistan,2014,33370.794
325,Afghanistan,2015,34413.602999999996
330,Afghanistan,2016,35383.032
335,Afghanistan,2017,36296.113
340,Afghanistan,2018,37171.921
665,Albania,2014,2896.305
670,Albania,2015,2890.513
675,Albania,2016,2886.438
680,Albania,2017,2884.1690000000003
685,Albania,2018,2882.74
1010,Algeria,2014,38923.692
1015,Algeria,2015,39728.025
1020,Algeria,2016,40551.392
1025,Algeria,2017,41389.189
1030,Algeria,2018,42228.407999999996
1227,American Samoa,2014,55.791000000000004
1230,American Samoa,2015,55.812
1233,American Samoa,2016,55.74100000000001
1236,American Samoa,2017,55.62
1239,American Samoa,2018,55.465
1434,Andorra,2014,79.21300000000001
1437,Andorra,2015,78.01100000000001
1440,Andorra,2016,77.297
1443,Andorra,2017,77.001
1446,Andorra,2018,77.006
1769,Angola,2014,26941.779
1774,Angola,2015,27884.381
1779,Angola,2016,28842.488999999998
1784,Angola,2017,29816.766
1789,Angola,2018,30809.787
1986,Anguilla,2014,14.112
1989,Anguilla,2015,14.279000000000002
1992,Anguilla,2016,14.429
1995,Anguilla,2017,14.584000000000001
1998,Anguilla,2018,14.731
2321,Antigua and Barbuda,2014,92.56200000000001
2326,Antigua and Barbuda,2015,93.566
2331,Antigua and Barbuda,2016,94.527
2336,Antigua and Barbuda,2017,95.426
2341,Antigua and Barbuda,2018,96.286
2666,Argentina,2014,42637.511
2671,Argentina,2015,43075.416
2676,Argentina,2016,43508.46
2681,Argentina,2017,43937.14
2686,Argentina,2018,44361.15
2801,Armenia,2014,2912.409
2806,Armenia,2015,2925.553
2811,Armenia,2016,2936.143
2816,Armenia,2017,2944.7909999999997
2821,Armenia,2018,2951.745
3146,Aruba,2014,103.774
3151,Aruba,2015,104.34100000000001
3156,Aruba,2016,104.87200000000001
3161,Aruba,2017,105.366
3166,Aruba,2018,105.845
3491,Australia,2014,23596.424
3496,Australia,2015,23932.502
3501,Australia,2016,24262.712000000003
3506,Australia,2017,24584.62
3511,Australia,2018,24898.152000000002
3836,Austria,2014,8615.214
3841,Austria,2015,8678.66
3846,Austria,2016,8747.301
3851,Austria,2017,8819.901
3856,Austria,2018,8891.388
3971,Azerbaijan,2014,9505.622
3976,Azerbaijan,2015,9622.745
3981,Azerbaijan,2016,9736.043
3986,Azerbaijan,2017,9845.32
3991,Azerbaijan,2018,9949.537
4316,Bahamas,2014,370.63300000000004
4321,Bahamas,2015,374.20599999999996
4326,Bahamas,2016,377.93
4331,Bahamas,2017,381.755
4336,Bahamas,2018,385.63699999999994
4661,Bahrain,2014,1336.075
4666,Bahrain,2015,1371.851
4671,Bahrain,2016,1425.7920000000001
4676,Bahrain,2017,1494.076
4681,Bahrain,2018,1569.4460000000001
5006,Bangladesh,2014,154517.38199999998
5011,Bangladesh,2015,156256.27599999998
5016,Bangladesh,2016,157977.15300000002
5021,Bangladesh,2017,159685.424
5026,Bangladesh,2018,161376.708
5351,Barbados,2014,284.82599999999996
5356,Barbados,2015,285.324
5361,Barbados,2016,285.796
5366,Barbados,2017,286.232
5371,Barbados,2018,286.64099999999996
5486,Belarus,2014,9431.735
5491,Belarus,2015,9439.423
5496,Belarus,2016,9445.643
5501,Belarus,2017,9450.231
5506,Belarus,2018,9452.617
5581,Belgium,2014,11221.231000000002
5586,Belgium,2015,11287.94
5591,Belgium,2016,11354.42
5596,Belgium,2017,11419.748
5601,Belgium,2018,11482.178
6176,Belize,2014,353.366
6181,Belize,2015,360.93300000000005
6186,Belize,2016,368.4
6191,Belize,2017,375.769
6196,Belize,2018,383.07099999999997
6521,Benin,2014,10286.844000000001
6526,Benin,2015,10575.952
6531,Benin,2016,10872.063
6536,Benin,2017,11175.198
6541,Benin,2018,11485.044
6738,Bermuda,2014,64.033
6741,Bermuda,2015,63.692
6744,Bermuda,2016,63.361999999999995
6747,Bermuda,2017,63.049
6750,Bermuda,2018,62.756
7073,Bhutan,2014,719.055
7078,Bhutan,2015,727.8760000000001
7083,Bhutan,2016,736.7080000000001
7088,Bhutan,2017,745.563
7093,Bhutan,2018,754.388
7418,Bolivia (Plurinational State of),2014,10706.517
7423,Bolivia (Plurinational State of),2015,10869.73
7428,Bolivia (Plurinational State of),2016,11031.813999999998
7433,Bolivia (Plurinational State of),2017,11192.855
7438,Bolivia (Plurinational State of),2018,11353.142
7452,"Bonaire, Sint Eustatius and Saba",2014,24.07
7455,"Bonaire, Sint Eustatius and Saba",2015,24.57
7458,"Bonaire, Sint Eustatius and Saba",2016,25.02
7461,"Bonaire, Sint Eustatius and Saba",2017,25.401
7464,"Bonaire, Sint Eustatius and Saba",2018,25.711
7577,Bosnia and Herzegovina,2014,3482.105
7582,Bosnia and Herzegovina,2015,3429.361
7587,Bosnia and Herzegovina,2016,3386.2659999999996
7592,Bosnia and Herzegovina,2017,3351.525
7597,Bosnia and Herzegovina,2018,3323.925
7922,Botswana,2014,2088.618
7927,Botswana,2015,2120.716
7932,Botswana,2016,2159.927
7937,Botswana,2017,2205.08
7942,Botswana,2018,2254.0679999999998
8267,Brazil,2014,202763.73899999997
8272,Brazil,2015,204471.76899999997
8277,Brazil,2016,206163.053
8282,Brazil,2017,207833.823
8287,Brazil,2018,209469.323
8484,British Virgin Islands,2014,28.989
8487,British Virgin Islands,2015,29.151999999999997
8490,British Virgin Islands,2016,29.355
8493,British Virgin Islands,2017,29.576999999999998
8496,British Virgin Islands,2018,29.802
8819,Brunei Darussalam,2014,409.769
8824,Brunei Darussalam,2015,414.907
8829,Brunei Darussalam,2016,419.8
8834,Brunei Darussalam,2017,424.473
8839,Brunei Darussalam,2018,428.963
9164,Bulgaria,2014,7245.646
9169,Bulgaria,2015,7199.741
9174,Bulgaria,2016,7151.953
9179,Bulgaria,2017,7102.444
9184,Bulgaria,2018,7051.608
9509,Burkina Faso,2014,17586.03
9514,Burkina Faso,2015,18110.624
9519,Burkina Faso,2016,18646.357
9524,Burkina Faso,2017,19193.234
9529,Burkina Faso,2018,19751.466
9854,Burundi,2014,9844.299
9859,Burundi,2015,10160.03
9864,Burundi,2016,10487.995
9869,Burundi,2017,10827.018999999998
9874,Burundi,2018,11175.374
10199,Cabo Verde,2014,518.271
10204,Cabo Verde,2015,524.743
10209,Cabo Verde,2016,531.146
10214,Cabo Verde,2017,537.498
10219,Cabo Verde,2018,543.7669999999999
10544,Cambodia,2014,15274.503
10549,Cambodia,2015,15521.436000000002
10554,Cambodia,2016,15766.292
10559,Cambodia,2017,16009.409
10564,Cambodia,2018,16249.792
10889,Cameroon,2014,22681.852000000003
10894,Cameroon,2015,23298.368
10899,Cameroon,2016,23926.551
10904,Cameroon,2017,24566.072999999997
10909,Cameroon,2018,25216.267000000003
11234,Canada,2014,35664.337
11239,Canada,2015,36026.676
11244,Canada,2016,36382.943999999996
11249,Canada,2017,36732.095
11254,Canada,2018,37074.562000000005
11451,Cayman Islands,2014,60.848
11454,Cayman Islands,2015,61.724
11457,Cayman Islands,2016,62.568999999999996
11460,Cayman Islands,2017,63.382
11463,Cayman Islands,2018,64.17399999999999
11786,Central African Republic,2014,4464.175
11791,Central African Republic,2015,4493.17
11796,Central African Republic,2016,4537.686
11801,Central African Republic,2017,4596.023
11806,Central African Republic,2018,4666.3679999999995
12131,Chad,2014,13663.566
12136,Chad,2015,14110.975
12141,Chad,2016,14561.66
12146,Chad,2017,15016.753
12151,Chad,2018,15477.729
12476,Channel Islands,2014,164.1
12481,Channel Islands,2015,165.385
12486,Channel Islands,2016,166.923
12491,Channel Islands,2017,168.665
12496,Channel Islands,2018,170.49900000000002
12821,Chile,2014,17758.959
12826,Chile,2015,17969.353
12831,Chile,2016,18209.068
12836,Chile,2017,18470.439
12841,Chile,2018,18729.16
13166,China,2014,1430670.8190000001
13171,China,2015,1438193.428
13176,China,2016,1445523.929
13181,China,2017,1452625.244
13186,China,2018,1459377.612
13511,"China, Hong Kong SAR",2014,7134.67
13516,"China, Hong Kong SAR",2015,7185.996
13521,"China, Hong Kong SAR",2016,7243.5419999999995
13526,"China, Hong Kong SAR",2017,7306.321999999999
13531,"China, Hong Kong SAR",2018,7371.73
13856,"China, Macao SAR",2014,590.2080000000001
13861,"China, Macao SAR",2015,602.085
13866,"China, Macao SAR",2016,612.836
13871,"China, Macao SAR",2017,622.585
13876,"China, Macao SAR",2018,631.636
14201,"China, mainland",2014,1399453.965
14206,"China, mainland",2015,1406847.87
14211,"China, mainland",2016,1414049.351
14216,"China, mainland",2017,1421021.791
14221,"China, mainland",2018,1427647.7859999998
14546,"China, Taiwan Province of",2014,23491.976000000002
14551,"China, Taiwan Province of",2015,23557.477000000003
14556,"China, Taiwan Province of",2016,23618.2
14561,"China, Taiwan Province of",2017,23674.546000000002
14566,"China, Taiwan Province of",2018,23726.46
14891,Colombia,2014,46967.695999999996
14896,Colombia,2015,47520.667
14901,Colombia,2016,48175.052
14906,Colombia,2017,48909.83900000001
14911,Colombia,2018,49661.047999999995
15236,Comoros,2014,759.39
15241,Comoros,2015,777.424
15246,Comoros,2016,795.592
15251,Comoros,2017,813.8919999999999
15256,Comoros,2018,832.322
15581,Congo,2014,4736.976
15586,Congo,2015,4856.095
15591,Congo,2016,4980.996
15596,Congo,2017,5110.695
15601,Congo,2018,5244.359
15798,Cook Islands,2014,17.691
15801,Cook Islands,2015,17.586
15804,Cook Islands,2016,17.524
15807,Cook Islands,2017,17.507
15810,Cook Islands,2018,17.518
16133,Costa Rica,2014,4795.396
16138,Costa Rica,2015,4847.804
16143,Costa Rica,2016,4899.345
16148,Costa Rica,2017,4949.954000000001
16153,Costa Rica,2018,4999.441
16478,Côte d'Ivoire,2014,22647.683999999997
16483,Côte d'Ivoire,2015,23226.142999999996
16488,Côte d'Ivoire,2016,23822.714
16493,Côte d'Ivoire,2017,24437.47
16498,Côte d'Ivoire,2018,25069.23
16613,Croatia,2014,4255.512
16618,Croatia,2015,4232.874
16623,Croatia,2016,4208.602
16628,Croatia,2017,4182.857
16633,Croatia,2018,4156.405
16958,Cuba,2014,11306.903999999999
16963,Cuba,2015,11324.781
16968,Cuba,2016,11335.104
16973,Cuba,2017,11339.253999999999
16978,Cuba,2018,11338.133999999998
16998,Curaçao,2014,158.422
17003,Curaçao,2015,159.847
17008,Curaçao,2016,161.05200000000002
17013,Curaçao,2017,161.997
17018,Curaçao,2018,162.752
17343,Cyprus,2014,1152.285
17348,Cyprus,2015,1160.985
17353,Cyprus,2016,1170.187
17358,Cyprus,2017,1179.678
17363,Cyprus,2018,1189.265
17473,Czechia,2014,10591.108
17478,Czechia,2015,10601.396999999999
17483,Czechia,2016,10618.857
17488,Czechia,2017,10641.034
17493,Czechia,2018,10665.677
18033,Democratic People's Republic of Korea,2014,25057.79
18038,Democratic People's Republic of Korea,2015,25183.833
18043,Democratic People's Republic of Korea,2016,25307.665
18048,Democratic People's Republic of Korea,2017,25429.825
18053,Democratic People's Republic of Korea,2018,25549.604
18378,Democratic Republic of the Congo,2014,73767.447
18383,Democratic Republic of the Congo,2015,76244.54400000001
18388,Democratic Republic of the Congo,2016,78789.12700000001
18393,Democratic Republic of the Congo,2017,81398.76400000001
18398,Democratic Republic of the Congo,2018,84068.091
18723,Denmark,2014,5664.196
18728,Denmark,2015,5688.695
18733,Denmark,2016,5711.349
18738,Denmark,2017,5732.274
18743,Denmark,2018,5752.126
19068,Djibouti,2014,898.695
19073,Djibouti,2015,913.993
19078,Djibouti,2016,929.112
19083,Djibouti,2017,944.0989999999999
19088,Djibouti,2018,958.923
19285,Dominica,2014,71.085
19288,Dominica,2015,71.183
19291,Dominica,2016,71.307
19294,Dominica,2017,71.458
19297,Dominica,2018,71.625
19620,Dominican Republic,2014,10165.183
19625,Dominican Republic,2015,10281.68
19630,Dominican Republic,2016,10397.741
19635,Dominican Republic,2017,10513.104
19640,Dominican Republic,2018,10627.141000000001
19965,Ecuador,2014,15951.84
19970,Ecuador,2015,16212.02
19975,Ecuador,2016,16491.116
19980,Ecuador,2017,16785.361
19985,Ecuador,2018,17084.358
20310,Egypt,2014,90424.656
20315,Egypt,2015,92442.54699999999
20320,Egypt,2016,94447.073
20325,Egypt,2017,96442.591
20330,Egypt,2018,98423.59800000001
20655,El Salvador,2014,6295.128000000001
20660,El Salvador,2015,6325.124
20665,El Salvador,2016,6356.143
20670,El Salvador,2017,6388.126
20675,El Salvador,2018,6420.746
21000,Equatorial Guinea,2014,1122.277
21005,Equatorial Guinea,2015,1168.568
21010,Equatorial Guinea,2016,1215.18
21015,Equatorial Guinea,2017,1262.002
21020,Equatorial Guinea,2018,1308.975
21130,Eritrea,2014,3311.449
21135,Eritrea,2015,3342.8179999999998
21140,Eritrea,2016,3376.5570000000002
21145,Eritrea,2017,3412.893
21150,Eritrea,2018,3452.7859999999996
21265,Estonia,2014,1316.277
21270,Estonia,2015,1315.325
21275,Estonia,2016,1316.51
21280,Estonia,2017,1319.39
21285,Estonia,2018,1322.92
21610,Eswatini,2014,1095.019
21615,Eswatini,2015,1104.0439999999999
21620,Eswatini,2016,1113.997
21625,Eswatini,2017,1124.805
21630,Eswatini,2018,1136.281
21740,Ethiopia,2014,98094.265
21745,Ethiopia,2015,100835.45800000001
21750,Ethiopia,2016,103603.462
21755,Ethiopia,2017,106399.924
21760,Ethiopia,2018,109224.414
22172,Falkland Islands (Malvinas),2014,2.792
22175,Falkland Islands (Malvinas),2015,2.8339999999999996
22178,Falkland Islands (Malvinas),2016,2.928
22181,Falkland Islands (Malvinas),2017,3.068
22184,Falkland Islands (Malvinas),2018,3.234
22379,Faroe Islands,2014,47.96
22382,Faroe Islands,2015,48.051
22385,Faroe Islands,2016,48.173
22388,Faroe Islands,2017,48.331
22391,Faroe Islands,2018,48.497
22714,Fiji,2014,866.453
22719,Fiji,2015,868.627
22724,Fiji,2016,872.3989999999999
22729,Fiji,2017,877.459
22734,Fiji,2018,883.4830000000001
23059,Finland,2014,5461.411
23064,Finland,2015,5481.121999999999
23069,Finland,2016,5497.713000000001
23074,Finland,2017,5511.371
23079,Finland,2018,5522.576
23404,France,2014,64193.55
23409,France,2015,64453.2
23414,France,2016,64667.596
23419,France,2017,64842.509000000005
23424,France,2018,64990.511
23749,French Guyana,2014,254.773
23754,French Guyana,2015,260.999
23759,French Guyana,2016,267.82099999999997
23764,French Guyana,2017,275.191
23769,French Guyana,2018,282.938
24094,French Polynesia,2014,271.705
24099,French Polynesia,2015,273.124
24104,French Polynesia,2016,274.575
24109,French Polynesia,2017,276.10200000000003
24114,French Polynesia,2018,277.67900000000003
24439,Gabon,2014,1883.8
24444,Gabon,2015,1947.6860000000001
24449,Gabon,2016,2007.8729999999998
24454,Gabon,2017,2064.823
24459,Gabon,2018,2119.275
24784,Gambia,2014,2024.0420000000001
24789,Gambia,2015,2085.86
24794,Gambia,2016,2149.136
24799,Gambia,2017,2213.889
24804,Gambia,2018,2280.094
24919,Georgia,2014,4035.3109999999997
24924,Georgia,2015,4024.183
24929,Georgia,2016,4015.45
24934,Georgia,2017,4008.716
24939,Georgia,2018,4002.942
25264,Germany,2014,81450.378
25269,Germany,2015,81787.411
25274,Germany,2016,82193.768
25279,Germany,2017,82658.409
25284,Germany,2018,83124.418
25609,Ghana,2014,27224.472999999998
25614,Ghana,2015,27849.205
25619,Ghana,2016,28481.945
25624,Ghana,2017,29121.465
25629,Ghana,2018,29767.102000000003
25826,Gibraltar,2014,33.725
25829,Gibraltar,2015,33.736
25832,Gibraltar,2016,33.736999999999995
25835,Gibraltar,2017,33.728
25838,Gibraltar,2018,33.718
26161,Greece,2014,10701.456
26166,Greece,2015,10659.75
26171,Greece,2016,10615.185
26176,Greece,2017,10569.45
26181,Greece,2018,10522.246000000001
26378,Greenland,2014,56.381
26381,Greenland,2015,56.376999999999995
26384,Greenland,2016,56.412
26387,Greenland,2017,56.481
26390,Greenland,2018,56.56399999999999
26713,Grenada,2014,108.902
26718,Grenada,2015,109.59899999999999
26723,Grenada,2016,110.26100000000001
26728,Grenada,2017,110.874
26733,Grenada,2018,111.454
27058,Guadeloupe,2014,401.314
27063,Guadeloupe,2015,400.255
27068,Guadeloupe,2016,399.76300000000003
27073,Guadeloupe,2017,399.67199999999997
27078,Guadeloupe,2018,399.848
27403,Guam,2014,161.016
27408,Guam,2015,161.85299999999998
27413,Guam,2016,162.951
27418,Guam,2017,164.28099999999998
27423,Guam,2018,165.768
27748,Guatemala,2014,15923.236
27753,Guatemala,2015,16252.428999999998
27758,Guatemala,2016,16583.076
27763,Guatemala,2017,16914.97
27768,Guatemala,2018,17247.849
28093,Guinea,2014,11150.982
28098,Guinea,2015,11432.088
28103,Guinea,2016,11738.428999999998
28108,Guinea,2017,12067.518999999998
28113,Guinea,2018,12414.293
28438,Guinea-Bissau,2014,1692.4370000000001
28443,Guinea-Bissau,2015,1737.2020000000002
28448,Guinea-Bissau,2016,1782.4379999999999
28453,Guinea-Bissau,2017,1828.145
28458,Guinea-Bissau,2018,1874.3029999999999
28783,Guyana,2014,763.38
28788,Guyana,2015,767.432
28793,Guyana,2016,771.368
28798,Guyana,2017,775.222
28803,Guyana,2018,779.0060000000001
29128,Haiti,2014,10549.008999999998
29133,Haiti,2015,10695.542
29138,Haiti,2016,10839.97
29143,Haiti,2017,10982.366000000002
29148,Haiti,2018,11123.178
29345,Holy See,2014,0.8
29348,Holy See,2015,0.8029999999999999
29351,Holy See,2016,0.8009999999999999
29354,Holy See,2017,0.7929999999999999
29357,Holy See,2018,0.8009999999999999
29680,Honduras,2014,8955.589
29685,Honduras,2015,9112.916
29690,Honduras,2016,9270.795
29695,Honduras,2017,9429.013
29700,Honduras,2018,9587.521999999999
30025,Hungary,2014,9804.991
30030,Hungary,2015,9777.923
30035,Hungary,2016,9752.975
30040,Hungary,2017,9729.823
30045,Hungary,2018,9707.499
30370,Iceland,2014,328.594
30375,Iceland,2015,330.24300000000005
30380,Iceland,2016,332.20599999999996
30385,Iceland,2017,334.39300000000003
30390,Iceland,2018,336.713
30715,India,2014,1295600.772
30720,India,2015,1310152.403
30725,India,2016,1324517.249
30730,India,2017,1338676.785
30735,India,2018,1352642.28
31060,Indonesia,2014,255128.076
31065,Indonesia,2015,258383.25600000002
31070,Indonesia,2016,261556.38100000002
31075,Indonesia,2017,264650.963
31080,Indonesia,2018,267670.543
31405,Iran (Islamic Republic of),2014,77465.77
31410,Iran (Islamic Republic of),2015,78492.215
31415,Iran (Islamic Republic of),2016,79563.989
31420,Iran (Islamic Republic of),2017,80673.883
31425,Iran (Islamic Republic of),2018,81800.188
31750,Iraq,2014,34411.951
31755,Iraq,2015,35572.261
31760,Iraq,2016,36610.632000000005
31765,Iraq,2017,37552.781
31770,Iraq,2018,38433.6
32095,Ireland,2014,4626.844
32100,Ireland,2015,4652.425
32105,Ireland,2016,4695.779
32110,Ireland,2017,4753.279
32115,Ireland,2018,4818.69
32312,Isle of Man,2014,83.488
32315,Isle of Man,2015,83.234
32318,Isle of Man,2016,83.287
32321,Isle of Man,2017,83.598
32324,Isle of Man,2018,84.07700000000001
32647,Israel,2014,7854.213000000001
32652,Israel,2015,7978.49
32657,Israel,2016,8108.985
32662,Israel,2017,8243.848
32667,Israel,2018,8381.516
32992,Italy,2014,60409.62
32997,Italy,2015,60578.494000000006
33002,Italy,2016,60663.06
33007,Italy,2017,60673.700999999994
33012,Italy,2018,60627.291
33337,Jamaica,2014,2875.139
33342,Jamaica,2015,2891.0209999999997
33347,Jamaica,2016,2906.236
33352,Jamaica,2017,2920.848
33357,Jamaica,2018,2934.847
33682,Japan,2014,128168.63900000001
33687,Japan,2015,127985.133
33692,Japan,2016,127763.265
33697,Japan,2017,127502.725
33702,Japan,2018,127202.192
34027,Jordan,2014,8918.828000000001
34032,Jordan,2015,9266.575
34037,Jordan,2016,9554.286
34042,Jordan,2017,9785.843
34047,Jordan,2018,9965.318000000001
34162,Kazakhstan,2014,17302.615
34167,Kazakhstan,2015,17572.016
34172,Kazakhstan,2016,17830.901
34177,Kazakhstan,2017,18080.019
34182,Kazakhstan,2018,18319.618000000002
34507,Kenya,2014,46700.055
34512,Kenya,2015,47878.335999999996
34517,Kenya,2016,49051.53400000001
34522,Kenya,2017,50221.142
34527,Kenya,2018,51392.565
34852,Kiribati,2014,109.391
34857,Kiribati,2015,110.93
34862,Kiribati,2016,112.524
34867,Kiribati,2017,114.15799999999999
34872,Kiribati,2018,115.84700000000001
35197,Kuwait,2014,3690.941
35202,Kuwait,2015,3835.591
35207,Kuwait,2016,3956.875
35212,Kuwait,2017,4056.099
35217,Kuwait,2018,4137.312
35332,Kyrgyzstan,2014,5844.531999999999
35337,Kyrgyzstan,2015,5959.121
35342,Kyrgyzstan,2016,6074.33
35347,Kyrgyzstan,2017,6189.733
35352,Kyrgyzstan,2018,6304.03
35677,Lao People's Democratic Republic,2014,6639.755999999999
35682,Lao People's Democratic Republic,2015,6741.164000000001
35687,Lao People's Democratic Republic,2016,6845.846
35692,Lao People's Democratic Republic,2017,6953.035
35697,Lao People's Democratic Republic,2018,7061.507
35812,Latvia,2014,2021.219
35817,Latvia,2015,1997.674
35822,Latvia,2016,1974.266
35827,Latvia,2017,1951.0970000000002
35832,Latvia,2018,1928.4589999999998
36157,Lebanon,2014,6261.044
36162,Lebanon,2015,6532.678000000001
36167,Lebanon,2016,6714.281
36172,Lebanon,2017,6819.3730000000005
36177,Lebanon,2018,6859.408
36502,Lesotho,2014,2043.445
36507,Lesotho,2015,2059.021
36512,Lesotho,2016,2075.03
36517,Lesotho,2017,2091.534
36522,Lesotho,2018,2108.328
36847,Liberia,2014,4359.505999999999
36852,Liberia,2015,4472.23
36857,Liberia,2016,4586.787
36862,Liberia,2017,4702.226
36867,Liberia,2018,4818.973
37192,Libya,2014,6362.036999999999
37197,Libya,2015,6418.315
37202,Libya,2016,6492.161999999999
37207,Libya,2017,6580.724
37212,Libya,2018,6678.559
37409,Liechtenstein,2014,37.223
37412,Liechtenstein,2015,37.47
37415,Liechtenstein,2016,37.658
37418,Liechtenstein,2017,37.8
37421,Liechtenstein,2018,37.91
37534,Lithuania,2014,2971.4970000000003
37539,Lithuania,2015,2931.88
37544,Lithuania,2016,2889.5570000000002
37549,Lithuania,2017,2845.414
37554,Lithuania,2018,2801.264
37629,Luxembourg,2014,554.516
37634,Luxembourg,2015,566.741
37639,Luxembourg,2016,579.264
37644,Luxembourg,2017,591.91
37649,Luxembourg,2018,604.245
37974,Madagascar,2014,23589.888
37979,Madagascar,2015,24234.088
37984,Madagascar,2016,24894.37
37989,Madagascar,2017,25570.512000000002
37994,Madagascar,2018,26262.313
38319,Malawi,2014,16289.552
38324,Malawi,2015,16745.303
38329,Malawi,2016,17205.261000000002
38334,Malawi,2017,17670.196
38339,Malawi,2018,18143.217
38664,Malaysia,2014,29866.603
38669,Malaysia,2015,30270.962000000003
38674,Malaysia,2016,30684.654
38679,Malaysia,2017,31104.646
38684,Malaysia,2018,31528.033
39009,Maldives,2014,435.015
39014,Maldives,2015,454.915
39019,Maldives,2016,475.51199999999994
39024,Maldives,2017,496.402
39029,Maldives,2018,515.696
39354,Mali,2014,16934.214
39359,Mali,2015,17438.778000000002
39364,Mali,2016,17965.443
39369,Mali,2017,18512.43
39374,Mali,2018,19077.749
39699,Malta,2014,430.19699999999995
39704,Malta,2015,433.559
39709,Malta,2016,436.097
39714,Malta,2017,437.93300000000005
39719,Malta,2018,439.24800000000005
39793,Marshall Islands,2014,57.178999999999995
39796,Marshall Islands,2015,57.43899999999999
39799,Marshall Islands,2016,57.735
39802,Marshall Islands,2017,58.058
39805,Marshall Islands,2018,58.413000000000004
40128,Martinique,2014,381.13800000000003
40133,Martinique,2015,378.478
40138,Martinique,2016,376.791
40143,Martinique,2017,375.94800000000004
40148,Martinique,2018,375.673
40473,Mauritania,2014,3930.8959999999997
40478,Mauritania,2015,4046.301
40483,Mauritania,2016,4163.532999999999
40488,Mauritania,2017,4282.57
40493,Mauritania,2018,4403.313
40818,Mauritius,2014,1257.355
40823,Mauritius,2015,1259.4560000000001
40828,Mauritius,2016,1261.865
40833,Mauritius,2017,1264.499
40838,Mauritius,2018,1267.185
41163,Mayotte,2014,233.65400000000002
41168,Mayotte,2015,240.02
41173,Mayotte,2016,246.45
41178,Mayotte,2017,252.957
41183,Mayotte,2018,259.531
41508,Mexico,2014,120355.12800000001
41513,Mexico,2015,121858.258
41518,Mexico,2016,123333.37599999999
41523,Mexico,2017,124777.32400000001
41528,Mexico,2018,126190.788
41648,Micronesia (Federated States of),2014,107.446
41653,Micronesia (Federated States of),2015,108.895
41658,Micronesia (Federated States of),2016,110.215
41663,Micronesia (Federated States of),2017,111.459
41668,Micronesia (Federated States of),2018,112.64
41865,Monaco,2014,37.321999999999996
41868,Monaco,2015,37.718
41871,Monaco,2016,38.07
41874,Monaco,2017,38.391999999999996
41877,Monaco,2018,38.681999999999995
42200,Mongolia,2014,2940.1079999999997
42205,Mongolia,2015,2998.4390000000003
42210,Mongolia,2016,3056.364
42215,Mongolia,2017,3113.7859999999996
42220,Mongolia,2018,3170.216
42265,Montenegro,2014,626.645
42270,Montenegro,2015,626.956
42275,Montenegro,2016,627.264
42280,Montenegro,2017,627.563
42285,Montenegro,2018,627.809
42482,Montserrat,2014,4.957
42485,Montserrat,2015,4.967
42488,Montserrat,2016,4.981
42491,Montserrat,2017,4.984
42494,Montserrat,2018,4.993
42817,Morocco,2014,34192.357
42822,Morocco,2015,34663.602999999996
42827,Morocco,2016,35126.282999999996
42832,Morocco,2017,35581.255
42837,Morocco,2018,36029.093
43162,Mozambique,2014,26286.191000000003
43167,Mozambique,2015,27042.002
43172,Mozambique,2016,27829.938
43177,Mozambique,2017,28649.017999999996
43182,Mozambique,2018,29496.004
43507,Myanmar,2014,52280.824
43512,Myanmar,2015,52680.725999999995
43517,Myanmar,2016,53045.200999999994
43522,Myanmar,2017,53382.523
43527,Myanmar,2018,53708.32
43852,Namibia,2014,2273.423
43857,Namibia,2015,2314.904
43862,Namibia,2016,2358.044
43867,Namibia,2017,2402.633
43872,Namibia,2018,2448.301
44069,Nauru,2014,10.289000000000001
44072,Nauru,2015,10.383
44075,Nauru,2016,10.475
44078,Nauru,2017,10.573
44081,Nauru,2018,10.67
44404,Nepal,2014,26905.978
44409,Nepal,2015,27015.031000000003
44414,Nepal,2016,27263.432999999997
44419,Nepal,2017,27632.681
44424,Nepal,2018,28095.714
44749,Netherlands,2014,16892.523
44754,Netherlands,2015,16938.499
44759,Netherlands,2016,16981.295
44764,Netherlands,2017,17021.346999999998
44769,Netherlands,2018,17059.56
45094,Netherlands Antilles (former),2014,267.006
45099,Netherlands Antilles (former),2015,269.936
45104,Netherlands Antilles (former),2016,272.693
45109,Netherlands Antilles (former),2017,275.186
45114,Netherlands Antilles (former),2018,277.483
45439,New Caledonia,2014,267.73900000000003
45444,New Caledonia,2015,271.065
45449,New Caledonia,2016,274.191
45454,New Caledonia,2017,277.15
45459,New Caledonia,2018,279.993
45784,New Zealand,2014,4567.527
45789,New Zealand,2015,4614.532
45794,New Zealand,2016,4659.265
45799,New Zealand,2017,4702.034000000001
45804,New Zealand,2018,4743.130999999999
46129,Nicaragua,2014,6142.731
46134,Nicaragua,2015,6223.24
46139,Nicaragua,2016,6303.974
46144,Nicaragua,2017,6384.846
46149,Nicaragua,2018,6465.501
46474,Niger,2014,19240.179
46479,Niger,2015,20001.663
46484,Niger,2016,20788.798
46489,Niger,2017,21602.382
46494,Niger,2018,22442.822
46819,Nigeria,2014,176404.93399999998
46824,Nigeria,2015,181137.448
46829,Nigeria,2016,185960.241
46834,Nigeria,2017,190873.24399999998
46839,Nigeria,2018,195874.68300000002
47036,Niue,2014,1.609
47039,Niue,2015,1.619
47042,Niue,2016,1.614
47045,Niue,2017,1.609
47048,Niue,2018,1.62
47161,North Macedonia,2014,2077.775
47166,North Macedonia,2015,2079.328
47171,North Macedonia,2016,2080.743
47176,North Macedonia,2017,2081.996
47181,North Macedonia,2018,2082.9570000000003
47255,Northern Mariana Islands,2014,55.305
47258,Northern Mariana Islands,2015,55.78
47261,Northern Mariana Islands,2016,56.188
47264,Northern Mariana Islands,2017,56.562
47267,Northern Mariana Islands,2018,56.882
47590,Norway,2014,5142.265
47595,Norway,2015,5199.835999999999
47600,Norway,2016,5250.9490000000005
47605,Norway,2017,5296.326
47610,Norway,2018,5337.9619999999995
47935,Oman,2014,4027.26
47940,Oman,2015,4267.348
47945,Oman,2016,4479.219
47950,Oman,2017,4665.928
47955,Oman,2018,4829.473
48485,Pakistan,2014,195305.013
48490,Pakistan,2015,199426.96399999998
48495,Pakistan,2016,203631.353
48500,Pakistan,2017,207906.20899999997
48505,Pakistan,2018,212228.28600000002
48579,Palau,2014,17.625999999999998
48582,Palau,2015,17.665
48585,Palau,2016,17.725
48588,Palau,2017,17.808
48591,Palau,2018,17.907
48914,Palestine,2014,4428.639
48919,Palestine,2015,4529.166
48924,Palestine,2016,4635.654
48929,Palestine,2017,4747.227
48934,Palestine,2018,4862.979
49259,Panama,2014,3901.3140000000003
49264,Panama,2015,3968.487
49269,Panama,2016,4037.078
49274,Panama,2017,4106.769
49279,Panama,2018,4176.869000000001
49604,Papua New Guinea,2014,7946.73
49609,Papua New Guinea,2015,8107.775
49614,Papua New Guinea,2016,8271.761999999999
49619,Papua New Guinea,2017,8438.036
49624,Papua New Guinea,2018,8606.323
49949,Paraguay,2014,6599.526
49954,Paraguay,2015,6688.746
49959,Paraguay,2016,6777.871999999999
49964,Paraguay,2017,6867.061
49969,Paraguay,2018,6956.066
50294,Peru,2014,30090.359
50299,Peru,2015,30470.734
50304,Peru,2016,30926.032000000003
50309,Peru,2017,31444.298
50314,Peru,2018,31989.26
50639,Philippines,2014,100513.14199999999
50644,Philippines,2015,102113.212
50649,Philippines,2016,103663.81599999999
50654,Philippines,2017,105172.925
50659,Philippines,2018,106651.394
50984,Poland,2014,38091.089
50989,Poland,2015,38034.079
50994,Poland,2016,37989.22
50999,Poland,2017,37953.18
51004,Poland,2018,37921.592000000004
51329,Portugal,2014,10418.218
51334,Portugal,2015,10368.351
51339,Portugal,2016,10325.538
51344,Portugal,2017,10288.527
51349,Portugal,2018,10256.193000000001
51674,Puerto Rico,2014,3453.672
51679,Puerto Rico,2015,3381.518
51684,Puerto Rico,2016,3283.125
51689,Puerto Rico,2017,3163.667
51694,Puerto Rico,2018,3039.5959999999995
52019,Qatar,2014,2459.198
52024,Qatar,2015,2565.71
52029,Qatar,2016,2654.3740000000003
52034,Qatar,2017,2724.728
52039,Qatar,2018,2781.6820000000002
52364,Republic of Korea,2014,50607.907
52369,Republic of Korea,2015,50823.093
52374,Republic of Korea,2016,50983.457
52379,Republic of Korea,2017,51096.415
52384,Republic of Korea,2018,51171.706
52499,Republic of Moldova,2014,4073.407
52504,Republic of Moldova,2015,4070.7
52509,Republic of Moldova,2016,4066.009
52514,Republic of Moldova,2017,4059.684
52519,Republic of Moldova,2018,4051.9440000000004
52844,Réunion,2014,856.961
52849,Réunion,2015,863.363
52854,Réunion,2016,869.743
52859,Réunion,2017,876.1339999999999
52864,Réunion,2018,882.5260000000001
53189,Romania,2014,20035.93
53194,Romania,2015,19925.175
53199,Romania,2016,19796.285
53204,Romania,2017,19653.968999999997
53209,Romania,2018,19506.113999999998
53324,Russian Federation,2014,144664.841
53329,Russian Federation,2015,144985.057
53334,Russian Federation,2016,145275.383
53339,Russian Federation,2017,145530.082
53344,Russian Federation,2018,145734.038
53669,Rwanda,2014,11083.63
53674,Rwanda,2015,11369.071000000002
53679,Rwanda,2016,11668.827
53684,Rwanda,2017,11980.961000000001
53689,Rwanda,2018,12301.97
53697,Saint Barthélemy,2014,9.623
53698,Saint Barthélemy,2015,9.693
53699,Saint Barthélemy,2016,9.748
53700,Saint Barthélemy,2017,9.783999999999999
53701,Saint Barthélemy,2018,9.816
53894,"Saint Helena, Ascension and Tristan da Cunha",2014,5.739
53897,"Saint Helena, Ascension and Tristan da Cunha",2015,5.865
53900,"Saint Helena, Ascension and Tristan da Cunha",2016,5.956
53903,"Saint Helena, Ascension and Tristan da Cunha",2017,6.007999999999999
53906,"Saint Helena, Ascension and Tristan da Cunha",2018,6.035
54101,Saint Kitts and Nevis,2014,50.773999999999994
54104,Saint Kitts and Nevis,2015,51.203
54107,Saint Kitts and Nevis,2016,51.625
54110,Saint Kitts and Nevis,2017,52.045
54113,Saint Kitts and Nevis,2018,52.441
54436,Saint Lucia,2014,178.296
54441,Saint Lucia,2015,179.12599999999998
54446,Saint Lucia,2016,180.024
54451,Saint Lucia,2017,180.954
54456,Saint Lucia,2018,181.889
54653,Saint Pierre and Miquelon,2014,6.075
54656,Saint Pierre and Miquelon,2015,5.992999999999999
54659,Saint Pierre and Miquelon,2016,5.934
54662,Saint Pierre and Miquelon,2017,5.8870000000000005
54665,Saint Pierre and Miquelon,2018,5.849
54988,Saint Vincent and the Grenadines,2014,108.861
54993,Saint Vincent and the Grenadines,2015,109.148
54998,Saint Vincent and the Grenadines,2016,109.459
55003,Saint Vincent and the Grenadines,2017,109.82700000000001
55008,Saint Vincent and the Grenadines,2018,110.211
55016,Saint-Martin (French part),2014,36.015
55017,Saint-Martin (French part),2015,35.858000000000004
55018,Saint-Martin (French part),2016,36.065
55019,Saint-Martin (French part),2017,36.56
55020,Saint-Martin (French part),2018,37.264
55341,Samoa,2014,192.22099999999998
55346,Samoa,2015,193.513
55351,Samoa,2016,194.535
55356,Samoa,2017,195.352
55361,Samoa,2018,196.12900000000002
55558,San Marino,2014,32.948
55561,San Marino,2015,33.272
55564,San Marino,2016,33.504
55567,San Marino,2017,33.671
55570,San Marino,2018,33.785
55893,Sao Tome and Principe,2014,195.727
55898,Sao Tome and Principe,2015,199.43200000000002
55903,Sao Tome and Principe,2016,203.227
55908,Sao Tome and Principe,2017,207.08900000000003
55913,Sao Tome and Principe,2018,211.028
56238,Saudi Arabia,2014,30916.597
56243,Saudi Arabia,2015,31717.667
56248,Saudi Arabia,2016,32443.447
56253,Saudi Arabia,2017,33101.179
56258,Saudi Arabia,2018,33702.756
56583,Senegal,2014,14174.739
56588,Senegal,2015,14578.458999999999
56593,Senegal,2016,14993.518999999998
56598,Senegal,2017,15419.355
56603,Senegal,2018,15854.323
56648,Serbia,2014,8898.289
56653,Serbia,2015,8876.777
56658,Serbia,2016,8853.963
56663,Serbia,2017,8829.628
56668,Serbia,2018,8802.754
57063,Seychelles,2014,94.215
57068,Seychelles,2015,94.978
57073,Seychelles,2016,95.71
57078,Seychelles,2017,96.41799999999999
57083,Seychelles,2018,97.096
57408,Sierra Leone,2014,7017.148
57413,Sierra Leone,2015,7171.914000000001
57418,Sierra Leone,2016,7328.834
57423,Sierra Leone,2017,7488.423000000001
57428,Sierra Leone,2018,7650.15
57753,Singapore,2014,5525.626
57758,Singapore,2015,5592.151999999999
57763,Singapore,2016,5653.634
57768,Singapore,2017,5708.041
57773,Singapore,2018,5757.499
57787,Sint Maarten  (Dutch part),2014,38.876
57790,Sint Maarten  (Dutch part),2015,39.968
57793,Sint Maarten  (Dutch part),2016,40.808
57796,Sint Maarten  (Dutch part),2017,41.443999999999996
57799,Sint Maarten  (Dutch part),2018,41.94
57907,Slovakia,2014,5428.803000000001
57912,Slovakia,2015,5435.611
57917,Slovakia,2016,5442.003000000001
57922,Slovakia,2017,5447.9
57927,Slovakia,2018,5453.014
58042,Slovenia,2014,2067.488
58047,Slovenia,2015,2071.199
58052,Slovenia,2016,2074.21
58057,Slovenia,2017,2076.394
58062,Slovenia,2018,2077.837
58387,Solomon Islands,2014,587.0790000000001
58392,Solomon Islands,2015,603.118
58397,Solomon Islands,2016,619.438
58402,Solomon Islands,2017,636.039
58407,Solomon Islands,2018,652.857
58732,Somalia,2014,13423.568000000001
58737,Somalia,2015,13797.201000000001
58742,Somalia,2016,14185.636
58747,Somalia,2017,14589.178999999998
58752,Somalia,2018,15008.226
59077,South Africa,2014,54544.185999999994
59082,South Africa,2015,55386.367
59087,South Africa,2016,56207.64599999999
59092,South Africa,2017,57009.755999999994
59097,South Africa,2018,57792.518
59112,South Sudan,2014,10554.88
59117,South Sudan,2015,10715.658000000001
59122,South Sudan,2016,10832.518
59127,South Sudan,2017,10910.763
59132,South Sudan,2018,10975.927
59457,Spain,2014,46777.925
59462,Spain,2015,46671.926
59467,Spain,2016,46634.14
59472,Spain,2017,46647.428
59477,Spain,2018,46692.858
59802,Sri Lanka,2014,20788.511000000002
59807,Sri Lanka,2015,20908.027
59812,Sri Lanka,2016,21021.171000000002
59817,Sri Lanka,2017,21128.032000000003
59822,Sri Lanka,2018,21228.763
59837,Sudan,2014,37977.655
59842,Sudan,2015,38902.95
59847,Sudan,2016,39847.439
59852,Sudan,2017,40813.397000000004
59857,Sudan,2018,41801.532999999996
60492,Suriname,2014,553.273
60497,Suriname,2015,559.143
60502,Suriname,2016,564.888
60507,Suriname,2017,570.496
60512,Suriname,2018,575.99
60837,Sweden,2014,9692.131
60842,Sweden,2015,9764.95
60847,Sweden,2016,9836.007
60852,Sweden,2017,9904.896
60857,Sweden,2018,9971.638
61182,Switzerland,2014,8206.002
61187,Switzerland,2015,8296.775
61192,Switzerland,2016,8379.917
61197,Switzerland,2017,8455.804
61202,Switzerland,2018,8525.610999999999
61527,Syrian Arab Republic,2014,18710.711
61532,Syrian Arab Republic,2015,17997.408
61537,Syrian Arab Republic,2016,17465.575
61542,Syrian Arab Republic,2017,17095.678
61547,Syrian Arab Republic,2018,16945.057
61662,Tajikistan,2014,8252.833
61667,Tajikistan,2015,8454.028
61672,Tajikistan,2016,8663.579
61677,Tajikistan,2017,8880.268
61682,Tajikistan,2018,9100.835
62007,Thailand,2014,68438.746
62012,Thailand,2015,68714.511
62017,Thailand,2016,68971.308
62022,Thailand,2017,69209.81
62027,Thailand,2018,69428.453
62352,Timor-Leste,2014,1174.3310000000001
62357,Timor-Leste,2015,1196.302
62362,Timor-Leste,2016,1219.288
62367,Timor-Leste,2017,1243.258
62372,Timor-Leste,2018,1267.974
62697,Togo,2014,7138.0
62702,Togo,2015,7323.158
62707,Togo,2016,7509.951
62712,Togo,2017,7698.474
62717,Togo,2018,7889.093000000001
62914,Tokelau,2014,1.219
62917,Tokelau,2015,1.252
62920,Tokelau,2016,1.2819999999999998
62923,Tokelau,2017,1.3
62926,Tokelau,2018,1.319
63249,Tonga,2014,101.02799999999999
63254,Tonga,2015,100.781
63259,Tonga,2016,101.133
63264,Tonga,2017,101.99799999999999
63269,Tonga,2018,103.197
63594,Trinidad and Tobago,2014,1362.345
63599,Trinidad and Tobago,2015,1370.328
63604,Trinidad and Tobago,2016,1377.56
63609,Trinidad and Tobago,2017,1384.059
63614,Trinidad and Tobago,2018,1389.8429999999998
63939,Tunisia,2014,11063.201000000001
63944,Tunisia,2015,11179.948999999999
63949,Tunisia,2016,11303.945
63954,Tunisia,2017,11433.443000000001
63959,Tunisia,2018,11565.201000000001
64284,Turkey,2014,77229.256
64289,Turkey,2015,78529.409
64294,Turkey,2016,79827.871
64299,Turkey,2017,81116.45
64304,Turkey,2018,82340.088
64419,Turkmenistan,2014,5466.328
64424,Turkmenistan,2015,5565.286999999999
64429,Turkmenistan,2016,5662.368
64434,Turkmenistan,2017,5757.6669999999995
64439,Turkmenistan,2018,5850.901
64636,Turks and Caicos Islands,2014,35.369
64639,Turks and Caicos Islands,2015,35.981
64642,Turks and Caicos Islands,2016,36.559
64645,Turks and Caicos Islands,2017,37.115
64648,Turks and Caicos Islands,2018,37.665
64843,Tuvalu,2014,10.972000000000001
64846,Tuvalu,2015,11.099
64849,Tuvalu,2016,11.225
64852,Tuvalu,2017,11.37
64855,Tuvalu,2018,11.508
65178,Uganda,2014,36911.523
65183,Uganda,2015,38225.453
65188,Uganda,2016,39649.166
65193,Uganda,2017,41166.587999999996
65198,Uganda,2018,42729.03599999999
65313,Ukraine,2014,45111.532
65318,Ukraine,2015,44921.639
65323,Ukraine,2016,44713.702000000005
65328,Ukraine,2017,44487.709
65333,Ukraine,2018,44246.155999999995
65658,United Arab Emirates,2014,9214.175
65663,United Arab Emirates,2015,9262.9
65668,United Arab Emirates,2016,9360.98
65673,United Arab Emirates,2017,9487.203000000001
65678,United Arab Emirates,2018,9630.959
66003,United Kingdom of Great Britain and Northern Ireland,2014,65423.047
66008,United Kingdom of Great Britain and Northern Ireland,2015,65860.146
66013,United Kingdom of Great Britain and Northern Ireland,2016,66297.944
66018,United Kingdom of Great Britain and Northern Ireland,2017,66727.461
66023,United Kingdom of Great Britain and Northern Ireland,2018,67141.68400000001
66348,United Republic of Tanzania,2014,49960.560999999994
66353,United Republic of Tanzania,2015,51482.633
66358,United Republic of Tanzania,2016,53049.23
66363,United Republic of Tanzania,2017,54660.33900000001
66368,United Republic of Tanzania,2018,56313.437999999995
66693,United States of America,2014,318673.411
66698,United States of America,2015,320878.31
66703,United States of America,2016,323015.995
66708,United States of America,2017,325084.756
66713,United States of America,2018,327096.265
67038,United States Virgin Islands,2014,105.11399999999999
67043,United States Virgin Islands,2015,104.958
67048,United States Virgin Islands,2016,104.835
67053,United States Virgin Islands,2017,104.751
67058,United States Virgin Islands,2018,104.68
67383,Uruguay,2014,3400.4359999999997
67388,Uruguay,2015,3412.009
67393,Uruguay,2016,3424.1290000000004
67398,Uruguay,2017,3436.6409999999996
67403,Uruguay,2018,3449.285
67728,Uzbekistan,2014,30426.388
67733,Uzbekistan,2015,30929.557
67738,Uzbekistan,2016,31441.751
67743,Uzbekistan,2017,31959.785
67748,Uzbekistan,2018,32476.244
68073,Vanuatu,2014,263.888
68078,Vanuatu,2015,271.13
68083,Vanuatu,2016,278.33
68088,Vanuatu,2017,285.51
68093,Vanuatu,2018,292.68
68418,Venezuela (Bolivarian Republic of),2014,30042.967999999997
68423,Venezuela (Bolivarian Republic of),2015,30081.828999999998
68428,Venezuela (Bolivarian Republic of),2016,29851.255
68433,Venezuela (Bolivarian Republic of),2017,29402.484
68438,Venezuela (Bolivarian Republic of),2018,28887.118
68763,Viet Nam,2014,91713.84800000001
68768,Viet Nam,2015,92677.076
68773,Viet Nam,2016,93640.42199999999
68778,Viet Nam,2017,94600.648
68783,Viet Nam,2018,95545.962
68980,Wallis and Futuna Islands,2014,12.34
68983,Wallis and Futuna Islands,2015,12.265999999999998
68986,Wallis and Futuna Islands,2016,12.107000000000001
68989,Wallis and Futuna Islands,2017,11.9
68992,Wallis and Futuna Islands,2018,11.661
69315,Western Sahara,2014,514.995
69320,Western Sahara,2015,526.216
69325,Western Sahara,2016,538.749
69330,Western Sahara,2017,552.615
69335,Western Sahara,2018,567.4019999999999
69660,Yemen,2014,25823.485
69665,Yemen,2015,26497.889
69670,Yemen,2016,27168.208
69675,Yemen,2017,27834.819
69680,Yemen,2018,28498.682999999997
70215,Zambia,2014,15399.788
70220,Zambia,2015,15879.361
70225,Zambia,2016,16363.458
70230,Zambia,2017,16853.599
70235,Zambia,2018,17351.708
70560,Zimbabwe,2014,13586.707
70565,Zimbabwe,2015,13814.628999999999
70570,Zimbabwe,2016,14030.331
70575,Zimbabwe,2017,14236.595
70580,Zimbabwe,2018,14438.802
