,Country Name,Year,GBL Consumption,Dairy Consumption,Fruits Consumption,Meat Consumption,Vegetables Consumption,Confections Consumption,Caffeine Consumption,Alcohol Consumption
0,Afghanistan,2014,8371.0,1897.0,1072.0,562.36,1873.0,684.0,110.0,1.0
1,Afghanistan,2015,8105.0,2263.0,1203.0,551.2,1871.0,676.0,82.0,0.0
2,Afghanistan,2016,8773.0,2273.0,1039.0,531.05,3154.0,628.0,51.0,30.0
3,Afghanistan,2017,8656.0,2221.0,1207.0,520.0,2405.0,712.0,79.0,0.0
4,Afghanistan,2018,8219.0,2220.0,831.0,509.0,1886.0,763.0,81.0,0.0
5,Albania,2014,1174.0,1151.0,571.0,203.23000000000002,956.0,185.0,6.0,106.0
6,Albania,2015,1179.0,1153.0,597.0,212.08,991.0,187.0,9.0,106.0
7,Albania,2016,1170.0,1170.0,638.0,216.58999999999997,1043.0,192.01,9.0,107.0
8,Albania,2017,1173.0,1180.0,620.0,212.57,1085.0,192.0,6.0,109.0
9,Albania,2018,1208.0,1167.0,626.0,206.57,1084.0,186.0,8.0,104.0
10,Algeria,2014,15885.0,4336.0,4004.0,1434.8999999999999,10867.0,2389.03,146.0,244.0
11,Algeria,2015,16600.0,3747.0,4363.0,1476.4399999999998,11177.0,2488.02,146.0,210.0
12,Algeria,2016,16584.0,3936.0,4311.0,1493.21,11601.0,2575.01,156.0,216.0
13,Algeria,2017,16357.0,3877.0,4222.0,1471.03,11660.0,2671.0,146.0,252.0
14,Algeria,2018,17612.0,3361.0,4106.0,1388.03,12302.0,2877.0,131.0,266.0
15,Angola,2014,12380.0,286.0,4501.0,1716.8999999999999,10968.0,1579.92,17.0,1914.0
16,Angola,2015,12713.0,288.0,4648.0,1404.69,11167.0,1490.27,18.0,1933.0
17,Angola,2016,12946.0,284.0,4789.0,1291.8400000000001,11243.0,1652.13,17.0,1887.0
18,Angola,2017,13494.0,288.0,5020.0,1430.73,11587.0,1773.22,18.0,1976.0
19,Angola,2018,14673.0,283.0,5055.0,1474.73,11966.0,1783.22,18.0,2037.0
20,Antigua and Barbuda,2014,10.0,7.0,14.0,13.6,9.0,11.0,0.0,5.0
21,Antigua and Barbuda,2015,10.0,7.0,15.0,14.04,8.0,11.0,0.0,5.0
22,Antigua and Barbuda,2016,10.0,6.0,16.0,13.830000000000002,7.0,12.0,0.0,5.0
23,Antigua and Barbuda,2017,10.0,6.0,16.0,14.559999999999999,10.0,14.0,0.0,6.0
24,Antigua and Barbuda,2018,10.0,7.0,16.0,14.559999999999999,10.0,15.0,0.0,8.0
25,Argentina,2014,71158.0,9127.0,5304.0,6085.849999999999,5163.0,26597.23,269.0,3127.0
26,Argentina,2015,74908.0,10045.0,5287.0,6667.71,5223.0,22911.350000000002,293.0,3034.0
27,Argentina,2016,79644.0,9205.0,4031.0,6630.71,5273.0,24030.23,290.0,2992.0
28,Argentina,2017,87870.0,9165.0,4475.0,6929.290000000001,5511.0,24956.41,303.0,3194.0
29,Argentina,2018,77219.0,8811.0,5169.0,7128.290000000001,5362.0,24652.41,307.0,3357.0
30,Armenia,2014,937.0,705.0,602.0,219.09,1598.0,255.18,10.0,17.0
31,Armenia,2015,1050.0,677.0,681.0,222.82,1569.0,257.0,10.0,22.0
32,Armenia,2016,1002.0,724.0,414.0,207.52999999999997,1448.0,249.13,11.0,13.0
33,Armenia,2017,771.0,708.0,580.0,222.51999999999998,1383.0,241.33,10.0,-4.0
34,Armenia,2018,840.0,680.0,547.0,224.51999999999998,1018.0,256.33,11.0,-13.0
35,Australia,2014,15335.0,8384.0,3000.0,4161.099999999999,3123.0,32712.19,202.0,2760.0
36,Australia,2015,14487.0,8290.0,3212.0,4322.410000000001,3163.0,34541.47,220.0,2650.0
37,Australia,2016,15686.0,8985.0,3377.0,4444.0599999999995,3227.0,36532.27,199.0,2558.0
38,Australia,2017,17901.0,8483.0,3490.0,4134.490000000001,3275.0,38778.34,133.0,2722.0
39,Australia,2018,17719.0,8291.0,3211.0,4220.490000000001,3286.0,35748.34,136.0,2749.0
40,Austria,2014,6570.0,2998.0,1079.0,1042.88,1712.0,5275.0,71.0,1215.0
41,Austria,2015,5957.0,3006.0,1123.0,1104.9999999999998,1483.0,4589.83,71.0,1194.0
42,Austria,2016,6400.0,3155.0,953.0,1146.27,1661.0,5252.13,71.0,1148.0
43,Austria,2017,6202.0,3149.0,1072.0,1094.34,1560.0,5187.22,68.0,1227.0
44,Austria,2018,6402.0,3343.0,1288.0,1127.34,1594.0,3991.22,67.0,1203.0
45,Azerbaijan,2014,4110.0,1986.0,776.0,478.37,2167.0,934.05,3.0,596.0
46,Azerbaijan,2015,4365.0,2018.0,785.0,490.18,2263.0,939.0,3.0,590.0
47,Azerbaijan,2016,4515.0,2098.0,799.0,494.2800000000001,2305.0,1032.02,3.0,480.0
48,Azerbaijan,2017,4517.0,2102.0,818.0,532.34,2247.0,1139.04,10.0,519.0
49,Azerbaijan,2018,4593.0,2178.0,832.0,536.34,2321.0,1060.04,13.0,573.0
50,Bahamas,2014,34.0,12.0,57.0,55.72,41.0,99.0,1.0,20.0
51,Bahamas,2015,36.0,12.0,60.0,54.89,41.0,101.0,2.0,22.0
52,Bahamas,2016,38.0,12.0,60.0,50.55,44.0,99.0,1.0,22.0
53,Bahamas,2017,38.0,12.0,63.0,50.06999999999999,44.0,100.0,1.0,21.0
54,Bahamas,2018,36.0,13.0,67.0,52.06999999999999,45.0,93.0,0.0,22.0
55,Bangladesh,2014,61488.0,3582.0,4525.0,4674.35,14612.0,8858.470000000001,77.0,4.0
56,Bangladesh,2015,64820.0,3595.0,4939.0,5014.910000000001,15535.0,11513.810000000001,82.0,4.0
57,Bangladesh,2016,66343.0,3589.0,5131.0,5245.409999999999,15852.0,8942.220000000001,75.0,4.0
58,Bangladesh,2017,71394.0,3604.0,5402.0,5830.650000000001,16784.0,9720.69,81.0,4.0
59,Bangladesh,2018,71746.0,3631.0,5406.0,5865.650000000001,16237.0,8936.69,78.0,4.0
60,Barbados,2014,90.0,11.0,19.0,41.949999999999996,35.0,198.01,0.0,14.0
61,Barbados,2015,94.0,11.0,20.0,45.07000000000001,33.0,159.01,0.0,14.0
62,Barbados,2016,101.0,9.0,19.0,45.27,35.0,127.01,0.0,12.0
63,Barbados,2017,95.0,11.0,19.0,46.14,35.0,177.01,0.0,14.0
64,Barbados,2018,97.0,11.0,19.0,47.14,37.0,189.01,0.0,13.0
65,Belarus,2014,10257.0,3876.0,920.0,1216.93,7329.0,5798.030000000001,13.0,753.0
66,Belarus,2015,9289.0,4632.0,930.0,1138.6799999999998,7105.0,4448.04,13.0,681.0
67,Belarus,2016,7898.0,4526.0,1070.0,1156.55,7220.0,5681.04,13.0,718.0
68,Belarus,2017,8862.0,4730.0,1028.0,1176.66,7370.0,6167.05,13.0,692.0
69,Belarus,2018,7819.0,4621.0,1102.0,1213.66,6907.0,5834.05,14.0,752.0
70,Belgium,2014,10846.0,4449.0,785.0,1312.3300000000002,3711.0,8230.67,69.0,1484.0
71,Belgium,2015,10919.0,4638.0,788.0,1238.4099999999999,3247.0,7474.62,64.0,1111.0
72,Belgium,2016,10707.0,4693.0,818.0,1354.79,3396.0,7188.43,60.0,1264.0
73,Belgium,2017,11662.0,4813.0,777.0,1227.9499999999998,3495.0,8884.62,58.0,1424.0
74,Belgium,2018,11504.0,4989.0,986.0,1259.9499999999998,3417.0,8341.62,58.0,1387.0
75,Belize,2014,124.0,8.0,35.0,100.5,23.0,1239.0,0.0,17.0
76,Belize,2015,117.0,9.0,32.0,123.33,22.0,1211.0,0.0,18.0
77,Belize,2016,129.0,8.0,31.0,119.09,27.0,1502.0,-2.0,18.0
78,Belize,2017,144.0,9.0,39.0,147.83,29.0,1696.0,0.0,19.0
79,Belize,2018,123.0,12.0,21.0,150.83,27.0,1737.0,1.0,21.0
80,Benin,2014,8998.0,141.0,510.0,508.53000000000003,7090.0,347.0,0.0,946.0
81,Benin,2015,7842.0,149.0,466.0,512.21,6693.0,268.0,1.0,955.0
82,Benin,2016,8958.0,151.0,527.0,482.90999999999997,7452.0,300.0,1.0,964.0
83,Benin,2017,9496.0,153.0,601.0,415.44000000000005,7679.0,339.0,1.0,965.0
84,Benin,2018,9226.0,156.0,586.0,407.44000000000005,7513.0,372.0,-2.0,980.0
85,Bolivia (Plurinational State of),2014,6200.0,531.0,894.0,881.47,1785.0,8086.0,23.0,406.0
86,Bolivia (Plurinational State of),2015,6830.0,546.0,914.0,1063.6899999999996,1761.0,7669.0,25.0,417.0
87,Bolivia (Plurinational State of),2016,6916.0,513.0,952.0,1047.8299999999997,1745.0,7911.0,27.0,421.0
88,Bolivia (Plurinational State of),2017,6191.0,542.0,983.0,1131.62,1758.0,9300.0,26.0,427.0
89,Bolivia (Plurinational State of),2018,6903.0,552.0,1012.0,1122.62,1799.0,10178.0,28.0,425.0
90,Bosnia and Herzegovina,2014,1930.0,738.0,285.0,172.14000000000001,1094.0,274.05,23.0,304.0
91,Bosnia and Herzegovina,2015,1979.0,767.0,369.0,189.80000000000004,1199.0,284.02,23.0,300.0
92,Bosnia and Herzegovina,2016,2305.0,777.0,406.0,191.95,1294.0,307.01,24.0,296.0
93,Bosnia and Herzegovina,2017,2173.0,747.0,337.0,187.51999999999995,1189.0,322.03999999999996,23.0,299.0
94,Bosnia and Herzegovina,2018,2571.0,755.0,526.0,190.51999999999995,1236.0,276.03999999999996,24.0,297.0
95,Botswana,2014,336.0,399.0,56.0,63.41,203.0,127.0,4.0,103.0
96,Botswana,2015,429.0,403.0,58.0,63.05,229.0,126.0,4.0,98.0
97,Botswana,2016,442.0,386.0,61.0,61.88,224.0,130.0,3.0,102.0
98,Botswana,2017,340.0,294.0,59.0,66.33999999999999,227.0,134.0,4.0,112.0
99,Botswana,2018,349.0,361.0,61.0,71.33999999999999,228.0,132.0,3.0,264.0
100,Brazil,2014,156514.0,35365.0,22823.0,26087.16,35763.0,757654.4400000001,606.0,17031.0
101,Brazil,2015,165235.0,35099.0,21891.0,26407.250000000004,35276.0,771996.5399999999,648.0,15811.0
102,Brazil,2016,147928.0,35132.0,20720.0,26304.859999999997,33542.0,790549.65,1498.0,15828.0
103,Brazil,2017,163856.0,34303.0,20374.0,27311.27,31105.0,781379.5499999999,1610.0,17216.0
104,Brazil,2018,168525.0,34826.0,21728.0,27633.27,30284.0,769533.5499999999,1804.0,16452.0
105,Bulgaria,2014,5000.0,1239.0,442.0,576.25,592.0,440.0,27.0,648.0
106,Bulgaria,2015,4324.0,1206.0,606.0,584.6899999999999,715.0,436.01,28.0,673.0
107,Bulgaria,2016,4989.0,1249.0,558.0,596.51,853.0,462.0,29.0,656.0
108,Bulgaria,2017,5202.0,1175.0,571.0,585.87,782.0,461.0,30.0,669.0
109,Bulgaria,2018,4970.0,1125.0,602.0,601.87,816.0,557.0,29.0,685.0
110,Burkina Faso,2014,6379.0,438.0,101.0,473.79,445.0,755.0,9.0,3660.0
111,Burkina Faso,2015,6409.0,441.0,102.0,461.36,391.0,786.0,10.0,3166.0
112,Burkina Faso,2016,6697.0,458.0,103.0,479.78000000000003,433.0,809.0,11.0,3187.0
113,Burkina Faso,2017,6579.0,470.0,103.0,493.48999999999995,430.0,839.0,11.0,2663.0
114,Burkina Faso,2018,6986.0,438.0,103.0,525.4899999999999,433.0,821.0,12.0,3494.0
115,Cabo Verde,2014,129.0,27.0,29.0,27.24,64.0,60.0,1.0,22.0
116,Cabo Verde,2015,136.0,27.0,26.0,27.16,57.0,54.0,1.0,22.0
117,Cabo Verde,2016,132.0,27.0,28.0,26.509999999999998,54.0,59.0,1.0,23.0
118,Cabo Verde,2017,138.0,28.0,29.0,27.48,49.0,61.0,1.0,24.0
119,Cabo Verde,2018,130.0,24.0,32.0,27.48,54.0,52.0,1.0,25.0
120,Cambodia,2014,17656.0,33.0,386.0,979.7099999999999,8053.0,992.67,4.0,449.0
121,Cambodia,2015,17253.0,31.0,403.0,965.02,7717.0,1040.81,4.0,457.0
122,Cambodia,2016,17550.0,31.0,409.0,1014.69,7534.0,1077.8700000000001,5.0,455.0
123,Cambodia,2017,17905.0,54.0,394.0,1066.81,7513.0,1386.7,4.0,446.0
124,Cambodia,2018,17978.0,59.0,349.0,1058.81,7520.0,1361.7,6.0,459.0
125,Cameroon,2014,13109.0,264.0,5814.0,844.46,9498.0,1940.0,16.0,2137.0
126,Cameroon,2015,13598.0,253.0,6013.0,863.7800000000001,9841.0,1873.0,14.0,2235.0
127,Cameroon,2016,13749.0,247.0,6316.0,891.5400000000001,10074.0,1895.0,11.0,2161.0
128,Cameroon,2017,14169.0,247.0,6161.0,806.8,10094.0,1973.0,10.0,2110.0
129,Cameroon,2018,14291.0,247.0,6245.0,811.8,10247.0,1967.0,26.0,2068.0
130,Canada,2014,36506.0,8452.0,3080.0,5075.570000000001,6926.0,5396.0,236.0,3969.0
131,Canada,2015,40635.0,8603.0,2990.0,5160.99,6828.0,5411.79,236.0,4027.0
132,Canada,2016,44945.0,9014.0,3253.0,5152.23,7068.0,5495.81,239.0,3989.0
133,Canada,2017,44650.0,9421.0,3235.0,5178.5,7031.0,5341.639999999999,228.0,3388.0
134,Canada,2018,44561.0,9865.0,3256.0,5325.5,6984.0,6679.639999999999,230.0,3994.0
135,Central African Republic,2014,1119.0,78.0,193.0,197.82,1466.0,195.0,11.0,57.0
136,Central African Republic,2015,1092.0,79.0,265.0,200.60999999999999,1460.0,195.0,9.0,52.0
137,Central African Republic,2016,1122.0,80.0,271.0,205.46,1428.0,203.0,10.0,54.0
138,Central African Republic,2017,1166.0,81.0,265.0,210.03,1392.0,187.0,9.0,66.0
139,Central African Republic,2018,1150.0,82.0,277.0,226.03,1449.0,197.0,9.0,69.0
140,Chad,2014,4106.0,324.0,123.0,839.0,940.0,655.06,0.0,71.0
141,Chad,2015,4032.0,543.0,126.0,862.7899999999998,877.0,670.0,0.0,72.0
142,Chad,2016,4669.0,586.0,127.0,905.63,1330.0,678.0,1.0,70.0
143,Chad,2017,4440.0,681.0,129.0,955.8399999999999,1146.0,685.0,1.0,69.0
144,Chad,2018,4537.0,384.0,129.0,1005.8399999999999,1198.0,694.0,0.0,71.0
145,Chile,2014,6437.0,2044.0,3430.0,2499.6299999999997,2476.0,3412.81,33.0,1249.0
146,Chile,2015,6681.0,2104.0,3535.0,2501.3799999999997,2311.0,3395.79,33.0,1289.0
147,Chile,2016,6682.0,2094.0,3118.0,2596.5200000000004,2641.0,3146.99,33.0,1301.0
148,Chile,2017,6774.0,2111.0,3094.0,2705.98,2832.0,3499.82,35.0,1251.0
149,Chile,2018,7091.0,2159.0,3542.0,2844.98,2786.0,3528.82,36.0,1340.0
150,China,2014,697892.0,43456.0,134319.0,169930.52999999997,711897.0,188159.81,1693.0,68927.0
151,China,2015,784729.0,37993.0,136455.0,174634.73,739915.0,169021.03999999998,1733.0,71104.0
152,China,2016,798571.0,37159.0,138853.0,179267.45,731480.0,159720.88,1763.0,64838.0
153,China,2017,829684.0,36946.0,141553.0,182604.99999999997,735974.0,165351.75,1824.0,62189.0
154,China,2018,832682.0,37447.0,144393.0,184373.99999999997,731903.0,171368.75,1864.0,57574.0
155,"China, Hong Kong SAR",2014,1105.0,203.0,486.0,2149.9,1016.0,517.13,24.0,212.0
156,"China, Hong Kong SAR",2015,1086.0,211.0,480.0,1953.05,1036.0,517.03,25.0,220.0
157,"China, Hong Kong SAR",2016,1078.0,214.0,470.0,2051.37,1032.0,521.02,26.0,223.0
158,"China, Hong Kong SAR",2017,1107.0,215.0,480.0,1995.66,1087.0,524.11,26.0,229.0
159,"China, Hong Kong SAR",2018,1064.0,222.0,524.0,2108.6600000000003,985.0,535.11,29.0,233.0
160,"China, Macao SAR",2014,76.0,15.0,25.0,104.91000000000001,69.0,72.0,2.0,26.0
161,"China, Macao SAR",2015,77.0,14.0,25.0,105.89999999999999,71.0,68.0,2.0,25.0
162,"China, Macao SAR",2016,78.0,12.0,27.0,105.19,75.0,69.0,2.0,26.0
163,"China, Macao SAR",2017,74.0,19.0,26.0,114.96,88.0,71.0,2.0,27.0
164,"China, Macao SAR",2018,77.0,19.0,26.0,117.96,91.0,73.0,2.0,25.0
165,"China, Taiwan Province of",2014,10652.0,503.0,2389.0,3748.27,3555.0,2105.6000000000004,52.0,914.0
166,"China, Taiwan Province of",2015,10903.0,527.0,2334.0,3709.78,3458.0,2206.65,45.0,897.0
167,"China, Taiwan Province of",2016,10714.0,535.0,2279.0,3475.2799999999997,3562.0,2105.35,39.0,887.0
168,"China, Taiwan Province of",2017,11070.0,559.0,2588.0,3610.9700000000003,3642.0,2058.46,47.0,911.0
169,"China, Taiwan Province of",2018,10921.0,610.0,2430.0,3685.9700000000003,3528.0,2205.46,48.0,929.0
170,"China, mainland",2014,686064.0,42736.0,131420.0,163926.44999999998,707254.0,185466.08,1615.0,67773.0
171,"China, mainland",2015,772658.0,37241.0,133616.0,168864.99,735350.0,166231.36000000002,1661.0,69963.0
172,"China, mainland",2016,786696.0,36398.0,136076.0,173636.6,726810.0,157025.5,1696.0,63702.0
173,"China, mainland",2017,817424.0,36153.0,138460.0,176883.4,731153.0,162699.18,1748.0,61022.0
174,"China, mainland",2018,820617.0,36596.0,141409.0,178461.4,727300.0,168556.18,1785.0,56389.0
175,Colombia,2014,19638.0,7021.0,8829.0,3934.01,8678.0,42854.189999999995,78.0,2302.0
176,Colombia,2015,20931.0,6855.0,9812.0,4046.69,8516.0,40851.32,84.0,2332.0
177,Colombia,2016,20334.0,6718.0,9789.0,4150.63,9349.0,40057.32,26.0,2379.0
178,Colombia,2017,20941.0,7232.0,9699.0,4278.490000000001,9578.0,40616.549999999996,22.0,2446.0
179,Colombia,2018,22241.0,6267.0,9733.0,4578.49,9341.0,42019.549999999996,-11.0,2589.0
180,Congo,2014,1941.0,7.0,267.0,287.59000000000003,1589.0,825.0,0.0,181.0
181,Congo,2015,1995.0,6.0,267.0,338.56,1624.0,854.0,0.0,189.0
182,Congo,2016,2006.0,6.0,258.0,349.02,1647.0,863.0,0.0,184.0
183,Congo,2017,2062.0,6.0,255.0,374.16,1686.0,873.0,0.0,202.0
184,Congo,2018,2132.0,7.0,251.0,375.16,1710.0,887.0,0.0,298.0
185,Costa Rica,2014,2656.0,935.0,713.0,375.21,346.0,4951.320000000001,30.0,118.0
186,Costa Rica,2015,2587.0,963.0,586.0,380.59,378.0,4764.41,19.0,122.0
187,Costa Rica,2016,2965.0,1005.0,790.0,414.69,362.0,4768.3,34.0,115.0
188,Costa Rica,2017,2994.0,1010.0,918.0,438.3299999999999,388.0,4683.31,34.0,120.0
189,Costa Rica,2018,3017.0,1030.0,1002.0,447.3299999999999,395.0,4609.31,19.0,122.0
190,Croatia,2014,2931.0,970.0,378.0,423.76,525.0,2099.0200000000004,15.0,431.0
191,Croatia,2015,2386.0,1032.0,429.0,427.48,591.0,1232.02,15.0,431.0
192,Croatia,2016,3057.0,1037.0,372.0,435.27,1400.0,1748.01,14.0,427.0
193,Croatia,2017,2205.0,1046.0,355.0,456.67999999999995,1290.0,1835.01,21.0,434.0
194,Croatia,2018,2809.0,1023.0,439.0,481.67999999999995,1520.0,1388.01,21.0,436.0
195,Cuba,2014,4427.0,1107.0,1691.0,779.51,3286.0,18518.0,20.0,404.0
196,Cuba,2015,4752.0,1021.0,1869.0,798.9699999999999,3469.0,19983.0,14.0,408.0
197,Cuba,2016,4951.0,1124.0,1997.0,866.28,3544.0,18727.0,15.0,406.0
198,Cuba,2017,4941.0,1064.0,1975.0,920.43,3618.0,20576.0,13.0,418.0
199,Cuba,2018,4539.0,1109.0,1883.0,937.43,3376.0,13317.0,12.0,417.0
200,Cyprus,2014,605.0,195.0,66.0,147.42,152.0,98.14,4.0,71.0
201,Cyprus,2015,638.0,193.0,53.0,145.06,155.0,98.32,4.0,73.0
202,Cyprus,2016,585.0,207.0,31.0,149.24,151.0,97.27,4.0,77.0
203,Cyprus,2017,641.0,207.0,26.0,156.15,129.0,100.45,4.0,67.0
204,Cyprus,2018,652.0,167.0,80.0,155.15,139.0,101.45,4.0,107.0
205,Czechia,2014,6486.0,2490.0,539.0,1105.4,1551.0,4885.59,28.0,1776.0
206,Czechia,2015,6300.0,2518.0,591.0,1158.37,1379.0,4112.68,28.0,1816.0
207,Czechia,2016,6479.0,2598.0,617.0,1175.5400000000002,1577.0,5202.31,27.0,1827.0
208,Czechia,2017,5971.0,2552.0,643.0,1206.77,1597.0,5498.570000000001,26.0,1964.0
209,Czechia,2018,6176.0,2581.0,677.0,1245.77,1475.0,4893.570000000001,28.0,2039.0
210,Côte d'Ivoire,2014,10902.0,36.0,1986.0,803.23,11484.0,2453.0,32.0,650.0
211,Côte d'Ivoire,2015,11983.0,37.0,2026.0,867.2700000000001,12741.0,2648.02,47.0,500.0
212,Côte d'Ivoire,2016,12020.0,35.0,2036.0,868.3599999999999,12410.0,2410.01,26.0,394.0
213,Côte d'Ivoire,2017,12931.0,36.0,2103.0,948.24,13630.0,2520.01,-13.0,461.0
214,Côte d'Ivoire,2018,12699.0,32.0,2085.0,926.24,13507.0,2744.01,1.0,622.0
215,Democratic People's Republic of Korea,2014,6963.0,83.0,1605.0,738.4700000000001,5459.0,265.09,6.0,224.0
216,Democratic People's Republic of Korea,2015,6844.0,84.0,1603.0,737.76,5600.0,258.02,2.0,217.0
217,Democratic People's Republic of Korea,2016,6691.0,83.0,1629.0,742.3,5878.0,273.05,4.0,223.0
218,Democratic People's Republic of Korea,2017,6688.0,83.0,1621.0,768.4199999999998,5541.0,247.0,4.0,236.0
219,Democratic People's Republic of Korea,2018,6588.0,83.0,1618.0,767.4199999999998,5765.0,235.0,10.0,230.0
220,Denmark,2014,8601.0,3078.0,378.0,793.89,2133.0,3721.34,50.0,684.0
221,Denmark,2015,8864.0,3232.0,379.0,778.13,2149.0,2696.52,45.0,694.0
222,Denmark,2016,9280.0,3248.0,367.0,827.63,2309.0,3262.26,48.0,656.0
223,Denmark,2017,9497.0,3245.0,348.0,846.3399999999999,2496.0,3302.34,45.0,675.0
224,Denmark,2018,8372.0,3538.0,387.0,884.3399999999999,2222.0,3282.34,46.0,709.0
225,Djibouti,2014,748.0,26.0,29.0,21.42,87.0,369.0,0.0,3.0
226,Djibouti,2015,1093.0,29.0,32.0,23.39,90.0,421.0,0.0,2.0
227,Djibouti,2016,793.0,30.0,36.0,23.330000000000002,87.0,325.0,0.0,3.0
228,Djibouti,2017,889.0,27.0,29.0,23.470000000000002,91.0,374.0,1.0,3.0
229,Djibouti,2018,651.0,24.0,27.0,22.470000000000002,83.0,515.0,1.0,29.0
230,Dominica,2014,5.0,8.0,54.0,11.670000000000002,44.0,11.0,1.0,1.0
231,Dominica,2015,5.0,8.0,54.0,11.52,43.0,11.0,0.0,2.0
232,Dominica,2016,5.0,11.0,59.0,11.04,43.0,11.0,0.0,2.0
233,Dominica,2017,5.0,11.0,58.0,9.999999999999996,44.0,11.0,0.0,2.0
234,Dominica,2018,5.0,8.0,60.0,9.999999999999996,44.0,13.0,0.0,2.0
235,Dominican Republic,2014,2991.0,725.0,3569.0,773.2600000000001,635.0,5748.02,12.0,480.0
236,Dominican Republic,2015,3148.0,779.0,3747.0,802.2200000000001,647.0,5235.02,23.0,494.0
237,Dominican Republic,2016,3245.0,903.0,3987.0,838.3199999999999,689.0,4697.05,21.0,482.0
238,Dominican Republic,2017,3430.0,999.0,4192.0,811.07,722.0,6205.030000000001,28.0,504.0
239,Dominican Republic,2018,3575.0,1051.0,4385.0,877.07,733.0,6563.030000000001,25.0,512.0
240,Ecuador,2014,7266.0,2054.0,2238.0,1239.5999999999997,1090.0,9325.550000000001,-56.0,586.0
241,Ecuador,2015,8392.0,1854.0,2294.0,1281.51,974.0,11195.62,-38.0,588.0
242,Ecuador,2016,7558.0,1908.0,1536.0,1293.8,1010.0,9738.65,-43.0,579.0
243,Ecuador,2017,7441.0,1855.0,1067.0,1184.5200000000002,1001.0,10109.0,-35.0,618.0
244,Ecuador,2018,7311.0,1759.0,994.0,1238.5200000000002,901.0,8605.0,-20.0,665.0
245,Egypt,2014,41835.0,5656.0,7803.0,5526.400000000001,15112.0,28500.26,127.0,221.0
246,Egypt,2015,43780.0,5339.0,8964.0,5681.5599999999995,15425.0,32412.45,131.0,189.0
247,Egypt,2016,44806.0,5154.0,8868.0,5525.159999999999,14474.0,32105.39,113.0,207.0
248,Egypt,2017,44667.0,5479.0,9299.0,6031.18,14809.0,33043.58,125.0,247.0
249,Egypt,2018,43659.0,5309.0,9491.0,6382.18,15566.0,33572.58,107.0,291.0
250,El Salvador,2014,1790.0,767.0,360.0,339.79999999999995,517.0,6948.05,26.0,157.0
251,El Salvador,2015,1877.0,765.0,417.0,334.47,550.0,7696.05,13.0,158.0
252,El Salvador,2016,2074.0,730.0,441.0,341.45,572.0,6986.06,23.0,162.0
253,El Salvador,2017,2034.0,662.0,532.0,338.89000000000004,639.0,7961.03,21.0,164.0
254,El Salvador,2018,1965.0,635.0,553.0,346.89000000000004,600.0,7687.03,58.0,173.0
255,Estonia,2014,842.0,496.0,96.0,122.45,243.0,105.02,7.0,192.0
256,Estonia,2015,923.0,575.0,103.0,129.73,256.0,105.01,6.0,179.0
257,Estonia,2016,740.0,505.0,104.0,137.77,228.0,93.01,5.0,184.0
258,Estonia,2017,650.0,509.0,107.0,131.92999999999998,228.0,92.01,5.0,160.0
259,Estonia,2018,649.0,533.0,115.0,143.92999999999998,229.0,104.01,6.0,90.0
260,Eswatini,2014,280.0,55.0,108.0,40.04,105.0,5537.0,1.0,174.0
261,Eswatini,2015,290.0,51.0,86.0,39.6,109.0,5768.0,1.0,174.0
262,Eswatini,2016,320.0,55.0,28.0,37.97,110.0,5635.0,0.0,170.0
263,Eswatini,2017,288.0,54.0,-11.0,39.31,112.0,5755.0,1.0,161.0
264,Eswatini,2018,309.0,55.0,81.0,41.31,118.0,5713.0,0.0,202.0
265,Ethiopia,2014,26300.0,3677.0,864.0,1063.8999999999999,10321.0,4428.02,191.0,1361.0
266,Ethiopia,2015,28254.0,3626.0,908.0,1030.52,10606.0,3710.03,233.0,1500.0
267,Ethiopia,2016,29322.0,3488.0,942.0,1004.64,10519.0,4481.0,319.0,1684.0
268,Ethiopia,2017,30197.0,3447.0,904.0,1040.35,10579.0,5027.0,229.0,1854.0
269,Ethiopia,2018,31101.0,3557.0,902.0,1044.35,11049.0,3865.0,254.0,2084.0
270,Fiji,2014,216.0,30.0,61.0,109.93999999999998,231.0,2119.01,1.0,24.0
271,Fiji,2015,228.0,23.0,54.0,110.11999999999999,221.0,1980.21,1.0,13.0
272,Fiji,2016,247.0,25.0,58.0,75.21,194.0,1885.21,1.0,21.0
273,Fiji,2017,237.0,25.0,60.0,73.2,208.0,1792.2,1.0,22.0
274,Fiji,2018,162.0,25.0,73.0,73.2,220.0,1787.2,1.0,20.0
275,Finland,2014,3790.0,2825.0,316.0,776.9300000000001,1046.0,1080.76,66.0,552.0
276,Finland,2015,3588.0,3069.0,328.0,787.59,961.0,805.57,65.0,568.0
277,Finland,2016,3652.0,3112.0,329.0,771.12,1037.0,825.7199999999999,65.0,550.0
278,Finland,2017,3584.0,3059.0,334.0,786.1999999999999,1056.0,893.52,66.0,548.0
279,Finland,2018,3423.0,3022.0,333.0,812.1999999999999,1044.0,850.52,66.0,521.0
280,France,2014,46465.0,23163.0,11154.0,8760.189999999999,11963.0,50381.57,362.0,6788.0
281,France,2015,48606.0,23297.0,11380.0,8744.63,11686.0,47059.9,394.0,7032.0
282,France,2016,45381.0,23973.0,11667.0,8618.75,11886.0,45632.65,393.0,7073.0
283,France,2017,46041.0,24154.0,10690.0,8620.150000000001,12662.0,56688.21,358.0,6985.0
284,France,2018,43686.0,24304.0,11757.0,8644.150000000001,12250.0,48149.21,367.0,7001.0
285,French Polynesia,2014,56.0,12.0,115.0,50.48000000000001,30.0,25.0,1.0,21.0
286,French Polynesia,2015,56.0,12.0,143.0,48.78000000000001,30.0,23.0,1.0,23.0
287,French Polynesia,2016,51.0,13.0,153.0,47.03,32.0,24.0,1.0,23.0
288,French Polynesia,2017,57.0,13.0,155.0,45.379999999999995,33.0,26.0,1.0,24.0
289,French Polynesia,2018,55.0,12.0,156.0,47.38,30.0,24.0,1.0,24.0
290,Gabon,2014,666.0,27.0,375.0,224.87,675.0,354.0,0.0,155.0
291,Gabon,2015,669.0,27.0,378.0,234.33999999999997,673.0,346.0,0.0,159.0
292,Gabon,2016,678.0,26.0,391.0,222.75999999999996,686.0,347.0,0.0,163.0
293,Gabon,2017,685.0,25.0,391.0,219.51000000000002,694.0,353.0,0.0,163.0
294,Gabon,2018,702.0,22.0,402.0,220.51000000000002,727.0,359.0,0.0,164.0
295,Gambia,2014,570.0,95.0,9.0,68.86,41.0,178.0,5.0,48.0
296,Gambia,2015,569.0,99.0,9.0,73.19,39.0,158.0,4.0,42.0
297,Gambia,2016,597.0,81.0,13.0,75.87,52.0,161.0,3.0,43.0
298,Gambia,2017,622.0,94.0,13.0,81.36999999999999,51.0,181.0,4.0,45.0
299,Gambia,2018,624.0,98.0,12.0,86.36999999999999,55.0,171.0,5.0,46.0
300,Georgia,2014,1040.0,616.0,348.0,222.14,477.0,196.04,10.0,163.0
301,Georgia,2015,1063.0,597.0,357.0,218.63000000000002,444.0,204.05,10.0,135.0
302,Georgia,2016,1057.0,573.0,313.0,214.26999999999998,445.0,200.05,12.0,151.0
303,Georgia,2017,975.0,571.0,303.0,272.65000000000003,412.0,217.06,12.0,128.0
304,Georgia,2018,1041.0,603.0,412.0,282.65000000000003,443.0,217.06,13.0,166.0
305,Germany,2014,57095.0,29249.0,6733.0,9848.5,15064.0,38616.28999999999,587.0,11748.0
306,Germany,2015,59112.0,29986.0,6547.0,10100.400000000001,15843.0,32214.989999999998,587.0,11561.0
307,Germany,2016,54126.0,30336.0,6591.0,9741.630000000001,16517.0,35003.46,597.0,11171.0
308,Germany,2017,55434.0,31022.0,6304.0,9602.04,16563.0,42621.88,540.0,11235.0
309,Germany,2018,51652.0,31514.0,7020.0,9680.04,13851.0,35088.88,529.0,11227.0
310,Ghana,2014,24161.0,57.0,5139.0,1093.75,27174.0,901.49,3.0,573.0
311,Ghana,2015,24768.0,57.0,5252.0,1146.21,26514.0,1025.6799999999998,3.0,496.0
312,Ghana,2016,25167.0,61.0,5334.0,1141.3999999999999,27376.0,861.53,-4.0,456.0
313,Ghana,2017,27276.0,68.0,5638.0,1241.9499999999998,29034.0,1028.36,-2.0,513.0
314,Ghana,2018,29703.0,68.0,6075.0,1289.9499999999998,30909.0,988.36,-3.0,666.0
315,Greece,2014,6339.0,2799.0,3994.0,1502.76,2722.0,1557.1599999999999,51.0,760.0
316,Greece,2015,6456.0,2693.0,4407.0,1393.8799999999999,3089.0,1313.8999999999999,51.0,751.0
317,Greece,2016,6303.0,2623.0,4105.0,1433.4399999999998,2705.0,1342.8,52.0,753.0
318,Greece,2017,6391.0,2617.0,4276.0,1426.1799999999998,2670.0,1448.52,53.0,744.0
319,Greece,2018,6302.0,2709.0,4350.0,1475.18,2624.0,1227.52,60.0,715.0
320,Grenada,2014,24.0,3.0,21.0,11.98,8.0,13.0,0.0,4.0
321,Grenada,2015,23.0,3.0,19.0,12.94,8.0,16.0,0.0,4.0
322,Grenada,2016,23.0,3.0,21.0,11.659999999999998,51.0,13.0,0.0,4.0
323,Grenada,2017,21.0,3.0,20.0,12.98,35.0,13.0,0.0,4.0
324,Grenada,2018,21.0,3.0,19.0,11.98,50.0,12.0,0.0,4.0
325,Guatemala,2014,5593.0,622.0,2287.0,934.85,1139.0,34239.04,55.0,260.0
326,Guatemala,2015,5976.0,652.0,2628.0,985.4699999999999,1234.0,35008.97,66.0,339.0
327,Guatemala,2016,6861.0,660.0,2571.0,1013.28,1236.0,34656.42,64.0,303.0
328,Guatemala,2017,7136.0,681.0,2717.0,1020.7099999999999,1292.0,34646.1,53.0,332.0
329,Guatemala,2018,7786.0,614.0,2646.0,1025.7099999999998,1257.0,37043.1,43.0,396.0
330,Guinea,2014,7306.0,220.0,1335.0,293.39,2438.0,693.0,19.0,31.0
331,Guinea,2015,7655.0,231.0,1357.0,296.54,2534.0,716.0,18.0,24.0
332,Guinea,2016,7923.0,243.0,1371.0,307.24,2425.0,697.0,20.0,35.0
333,Guinea,2017,8206.0,257.0,1387.0,325.42,2443.0,736.0,21.0,38.0
334,Guinea,2018,8570.0,237.0,1404.0,336.41999999999996,2663.0,721.0,22.0,41.0
335,Guinea-Bissau,2014,488.0,40.0,145.0,38.74,155.0,50.0,0.0,42.0
336,Guinea-Bissau,2015,507.0,40.0,144.0,39.900000000000006,168.0,50.0,1.0,42.0
337,Guinea-Bissau,2016,529.0,42.0,146.0,41.35,169.0,56.0,1.0,44.0
338,Guinea-Bissau,2017,547.0,42.0,151.0,39.29,174.0,53.0,0.0,45.0
339,Guinea-Bissau,2018,556.0,42.0,149.0,39.29,177.0,54.0,0.0,47.0
340,Guyana,2014,393.0,61.0,103.0,61.260000000000005,142.0,2916.0,1.0,15.0
341,Guyana,2015,437.0,65.0,144.0,61.690000000000005,233.0,2877.0,1.0,17.0
342,Guyana,2016,410.0,55.0,237.0,63.419999999999995,223.0,2429.0,1.0,16.0
343,Guyana,2017,468.0,52.0,209.0,64.65,248.0,1940.0,1.0,15.0
344,Guyana,2018,613.0,50.0,244.0,66.65,272.0,1281.0,1.0,9.0
345,Haiti,2014,2235.0,107.0,1439.0,269.46000000000004,1965.0,1870.0,35.0,100.0
346,Haiti,2015,2143.0,107.0,1404.0,275.4,1737.0,1812.0,40.0,100.0
347,Haiti,2016,2136.0,108.0,1409.0,273.83,1802.0,1857.0,43.0,102.0
348,Haiti,2017,2134.0,108.0,1414.0,296.13,1818.0,1910.0,43.0,104.0
349,Haiti,2018,2133.0,108.0,1405.0,304.13,1890.0,1927.0,44.0,104.0
350,Honduras,2014,3366.0,664.0,311.0,363.66,306.0,6199.67,31.0,177.0
351,Honduras,2015,3583.0,680.0,327.0,387.76,307.0,5974.61,46.0,184.0
352,Honduras,2016,4067.0,682.0,464.0,430.94,317.0,6182.55,54.0,205.0
353,Honduras,2017,4361.0,713.0,420.0,421.39,351.0,6239.11,51.0,229.0
354,Honduras,2018,4302.0,733.0,375.0,443.39,373.0,6409.11,48.0,215.0
355,Hungary,2014,10765.0,1944.0,1163.0,958.9500000000002,1552.0,1415.25,14.0,955.0
356,Hungary,2015,10074.0,2062.0,1178.0,1003.3999999999999,1546.0,1480.26,11.0,977.0
357,Hungary,2016,13279.0,2119.0,1185.0,1004.3799999999999,1546.0,1617.18,-9.0,984.0
358,Hungary,2017,9721.0,2114.0,1206.0,1037.4699999999998,1514.0,1790.2,-6.0,1014.0
359,Hungary,2018,12536.0,2164.0,1266.0,1080.47,1456.0,1637.2,0.0,1014.0
360,Iceland,2014,106.0,136.0,24.0,112.89999999999999,33.0,46.77,3.0,30.0
361,Iceland,2015,106.0,147.0,24.0,166.49,33.0,53.07,3.0,34.0
362,Iceland,2016,110.0,150.0,25.0,151.64,35.0,57.26,3.0,35.0
363,Iceland,2017,108.0,154.0,26.0,136.1,35.0,60.69,3.0,35.0
364,Iceland,2018,115.0,154.0,26.0,136.1,35.0,61.69,3.0,33.0
365,India,2014,343363.0,146605.0,91805.0,18105.739999999998,165936.0,402922.34,1038.0,6364.0
366,India,2015,330502.0,155816.0,91298.0,18869.470000000005,160190.0,416586.27,1095.0,7094.0
367,India,2016,343359.0,165446.0,91777.0,19949.61,161709.0,402867.21,1122.0,6446.0
368,India,2017,352767.0,176391.0,94257.0,20495.730000000003,168289.0,362021.57,1067.0,5705.0
369,India,2018,348445.0,188073.0,98169.0,21105.730000000003,171211.0,437676.57,1107.0,7614.0
370,Indonesia,2014,272703.0,1428.0,33261.0,13852.039999999999,40362.0,39721.89,192.0,306.0
371,Indonesia,2015,284754.0,1480.0,33981.0,14245.010000000002,40110.0,36742.71,27.0,324.0
372,Indonesia,2016,287648.0,1541.0,32257.0,14983.24,38905.0,40882.73,40.0,301.0
373,Indonesia,2017,305954.0,1580.0,32559.0,16580.62,36678.0,37588.67,-10.0,300.0
374,Indonesia,2018,331206.0,1534.0,33068.0,16677.62,34147.0,45723.67,-43.0,302.0
375,Iran (Islamic Republic of),2014,33423.0,8458.0,10181.0,4661.16,17145.0,15845.31,140.0,16.0
376,Iran (Islamic Republic of),2015,33573.0,6193.0,10551.0,4764.7300000000005,17159.0,17280.219999999998,218.0,15.0
377,Iran (Islamic Republic of),2016,36231.0,6329.0,9311.0,5027.160000000001,16556.0,17982.14,232.0,214.0
378,Iran (Islamic Republic of),2017,37401.0,7353.0,9622.0,5107.530000000001,17420.0,21098.170000000002,172.0,210.0
379,Iran (Islamic Republic of),2018,39615.0,7383.0,10144.0,5189.530000000001,18973.0,20503.170000000002,159.0,88.0
380,Iraq,2014,9674.0,857.0,1712.0,888.57,3522.0,1584.04,60.0,63.0
381,Iraq,2015,7975.0,1092.0,1887.0,875.2,2332.0,1903.0,40.0,64.0
382,Iraq,2016,8543.0,1118.0,1920.0,889.06,3047.0,1840.0,41.0,62.0
383,Iraq,2017,8654.0,1171.0,2220.0,1152.6200000000001,2777.0,1844.03,48.0,63.0
384,Iraq,2018,8831.0,1148.0,2206.0,977.6199999999999,3273.0,1889.03,52.0,101.0
385,Ireland,2014,3948.0,4854.0,317.0,473.96999999999997,944.0,810.43,18.0,809.0
386,Ireland,2015,3902.0,5581.0,322.0,502.07000000000005,940.0,783.92,19.0,707.0
387,Ireland,2016,3950.0,5555.0,345.0,419.53000000000003,976.0,802.46,21.0,734.0
388,Ireland,2017,4231.0,6272.0,347.0,441.33000000000004,954.0,814.4799999999999,22.0,789.0
389,Ireland,2018,4517.0,6838.0,385.0,471.33000000000004,914.0,884.4799999999999,23.0,766.0
390,Israel,2014,5043.0,1553.0,910.0,1189.99,1574.0,780.23,36.0,186.0
391,Israel,2015,4641.0,1484.0,927.0,1201.08,1432.0,763.15,37.0,192.0
392,Israel,2016,4626.0,1591.0,1004.0,1252.8099999999997,1476.0,809.1,34.0,197.0
393,Israel,2017,5058.0,1621.0,1027.0,1277.92,1319.0,816.13,39.0,201.0
394,Israel,2018,4898.0,1706.0,980.0,1313.92,1435.0,780.13,36.0,200.0
395,Italy,2014,31773.0,14912.0,13438.0,7048.299999999999,9632.0,9387.44,335.0,4378.0
396,Italy,2015,29499.0,14797.0,15022.0,6917.16,9381.0,8001.19,336.0,4436.0
397,Italy,2016,30315.0,14124.0,14911.0,6940.42,9397.0,7639.25,338.0,4501.0
398,Italy,2017,30362.0,14212.0,14315.0,7187.219999999998,9320.0,7985.87,338.0,4307.0
399,Italy,2018,31102.0,14994.0,14715.0,7456.219999999998,9234.0,7323.87,343.0,4515.0
400,Jamaica,2014,584.0,208.0,562.0,261.44,534.0,2015.01,6.0,189.0
401,Jamaica,2015,540.0,209.0,551.0,264.6,498.0,1817.01,6.0,215.0
402,Jamaica,2016,578.0,211.0,581.0,268.96999999999997,556.0,1352.01,8.0,170.0
403,Jamaica,2017,656.0,214.0,575.0,279.42,519.0,1375.0,7.0,217.0
404,Jamaica,2018,681.0,216.0,582.0,282.42,559.0,1280.0,8.0,155.0
405,Japan,2014,42897.0,7737.0,4176.0,16098.459999999997,16582.0,11511.35,558.0,5860.0
406,Japan,2015,42358.0,7789.0,4123.0,15805.91,16385.0,12003.439999999999,567.0,5769.0
407,Japan,2016,42722.0,7802.0,4101.0,15560.03,16084.0,11524.41,563.0,5922.0
408,Japan,2017,42144.0,7700.0,4118.0,15849.24,16285.0,12035.15,555.0,5847.0
409,Japan,2018,43256.0,7721.0,4131.0,15975.24,16043.0,11608.15,570.0,5790.0
410,Jordan,2014,3184.0,403.0,452.0,484.05999999999995,1028.0,567.02,27.0,12.0
411,Jordan,2015,2921.0,430.0,566.0,495.21000000000004,992.0,611.06,28.0,14.0
412,Jordan,2016,3413.0,437.0,539.0,496.74,1320.0,587.02,29.0,14.0
413,Jordan,2017,3324.0,455.0,539.0,474.20000000000005,976.0,614.01,35.0,13.0
414,Jordan,2018,3010.0,480.0,502.0,482.20000000000005,1010.0,655.01,41.0,15.0
415,Kazakhstan,2014,8675.0,5378.0,1108.0,1622.6299999999999,8634.0,1071.02,42.0,705.0
416,Kazakhstan,2015,9233.0,5466.0,1082.0,1647.5299999999997,8952.0,1187.02,38.0,711.0
417,Kazakhstan,2016,9987.0,5592.0,1151.0,1630.4499999999998,8854.0,1381.04,36.0,715.0
418,Kazakhstan,2017,9792.0,5726.0,1095.0,1693.53,8604.0,1470.04,39.0,745.0
419,Kazakhstan,2018,13106.0,5906.0,1008.0,1708.53,9155.0,1647.04,37.0,766.0
420,Kenya,2014,9456.0,4577.0,3080.0,1109.0,5703.0,7677.02,145.0,865.0
421,Kenya,2015,9438.0,4676.0,2727.0,1133.3,5753.0,8542.02,150.0,826.0
422,Kenya,2016,9300.0,5381.0,2844.0,1156.95,4904.0,8485.13,170.0,949.0
423,Kenya,2017,9745.0,4906.0,3147.0,1149.2400000000002,5149.0,6768.02,164.0,956.0
424,Kenya,2018,10291.0,5119.0,3057.0,1126.2400000000002,5940.0,7156.02,178.0,922.0
425,Kiribati,2014,13.0,0.0,174.0,30.07,19.0,8.0,0.0,1.0
426,Kiribati,2015,14.0,0.0,174.0,37.12,19.0,8.0,0.0,1.0
427,Kiribati,2016,15.0,0.0,158.0,63.13,19.0,12.0,0.0,1.0
428,Kiribati,2017,14.0,0.0,166.0,76.72,19.0,10.0,0.0,1.0
429,Kiribati,2018,14.0,0.0,162.0,76.72,18.0,8.0,0.0,1.0
430,Kuwait,2014,1398.0,87.0,378.0,386.7699999999999,729.0,236.01999999999998,14.0,1.0
431,Kuwait,2015,1227.0,150.0,341.0,404.63,717.0,256.03,14.0,1.0
432,Kuwait,2016,1206.0,161.0,368.0,413.4099999999999,730.0,240.0,15.0,1.0
433,Kuwait,2017,1490.0,185.0,275.0,439.02000000000004,761.0,283.0,15.0,1.0
434,Kuwait,2018,1429.0,171.0,259.0,503.02000000000004,739.0,265.0,15.0,1.0
435,Kyrgyzstan,2014,2163.0,1409.0,243.0,344.78,2120.0,567.0,5.0,89.0
436,Kyrgyzstan,2015,2221.0,1473.0,242.0,316.07,2346.0,550.0,5.0,95.0
437,Kyrgyzstan,2016,2212.0,1509.0,279.0,314.73,2428.0,925.0,5.0,71.0
438,Kyrgyzstan,2017,2474.0,1523.0,272.0,331.05,2482.0,1117.0,6.0,74.0
439,Kyrgyzstan,2018,2368.0,1566.0,282.0,334.05,2512.0,1264.0,6.0,68.0
440,Lao People's Democratic Republic,2014,6391.0,22.0,637.0,386.19,3536.0,1899.01,105.0,103.0
441,Lao People's Democratic Republic,2015,7418.0,18.0,896.0,368.97,4596.0,2152.0,123.0,93.0
442,Lao People's Democratic Republic,2016,7946.0,22.0,707.0,390.82,4611.0,2155.02,126.0,89.0
443,Lao People's Democratic Republic,2017,7001.0,25.0,894.0,397.43999999999994,3469.0,1854.0,130.0,113.0
444,Lao People's Democratic Republic,2018,6030.0,26.0,1015.0,398.43999999999994,3701.0,1929.0,147.0,103.0
445,Latvia,2014,1168.0,763.0,92.0,216.08,742.0,256.03999999999996,8.0,189.0
446,Latvia,2015,1078.0,805.0,82.0,220.23,671.0,237.03,4.0,200.0
447,Latvia,2016,1083.0,845.0,86.0,258.83000000000004,665.0,195.04000000000002,7.0,193.0
448,Latvia,2017,1030.0,797.0,97.0,250.14999999999998,642.0,207.02,7.0,205.0
449,Latvia,2018,1042.0,718.0,90.0,256.15,670.0,225.02,7.0,204.0
450,Lebanon,2014,1638.0,583.0,676.0,304.99000000000007,967.0,656.04,34.0,83.0
451,Lebanon,2015,1925.0,540.0,688.0,299.52000000000004,987.0,635.13,34.0,73.0
452,Lebanon,2016,2116.0,566.0,709.0,309.19,998.0,641.0,35.0,64.0
453,Lebanon,2017,2202.0,545.0,693.0,295.88,1038.0,666.0,35.0,59.0
454,Lebanon,2018,2005.0,559.0,674.0,304.88,1016.0,681.0,36.0,74.0
455,Lesotho,2014,405.0,194.0,22.0,73.0,180.0,54.0,0.0,50.0
456,Lesotho,2015,373.0,184.0,23.0,76.94000000000001,180.0,41.0,0.0,48.0
457,Lesotho,2016,344.0,179.0,25.0,75.81,181.0,42.01,0.0,42.0
458,Lesotho,2017,504.0,180.0,23.0,69.84,182.0,41.01,2.0,54.0
459,Lesotho,2018,407.0,177.0,31.0,77.84,189.0,72.01,0.0,54.0
460,Liberia,2014,1303.0,13.0,201.0,132.02,761.0,374.0,1.0,44.0
461,Liberia,2015,1349.0,13.0,207.0,139.70999999999998,804.0,388.0,1.0,45.0
462,Liberia,2016,1466.0,13.0,208.0,137.64000000000004,894.0,382.0,1.0,42.0
463,Liberia,2017,1409.0,12.0,211.0,133.39,772.0,381.0,0.0,46.0
464,Liberia,2018,1443.0,13.0,213.0,151.39000000000001,802.0,390.0,0.0,47.0
465,Lithuania,2014,2587.0,1462.0,155.0,447.11999999999995,727.0,1461.1399999999999,13.0,429.0
466,Lithuania,2015,2421.0,1561.0,114.0,425.07000000000005,600.0,1106.09,13.0,438.0
467,Lithuania,2016,2647.0,1463.0,176.0,416.92,631.0,1322.29,13.0,374.0
468,Lithuania,2017,2460.0,1543.0,194.0,399.76000000000005,526.0,1277.35,13.0,358.0
469,Lithuania,2018,2493.0,1656.0,200.0,411.76000000000005,556.0,1317.35,14.0,361.0
470,Luxembourg,2014,194.0,122.0,50.0,74.25,70.0,99.0,14.0,84.0
471,Luxembourg,2015,176.0,139.0,49.0,75.42999999999999,69.0,101.0,14.0,81.0
472,Luxembourg,2016,154.0,129.0,53.0,78.74000000000001,78.0,103.0,14.0,86.0
473,Luxembourg,2017,172.0,120.0,54.0,76.28,79.0,104.0,15.0,100.0
474,Luxembourg,2018,225.0,124.0,63.0,80.28,72.0,108.0,15.0,103.0
475,Madagascar,2014,7941.0,544.0,1196.0,498.94000000000005,4982.0,3216.0,41.0,153.0
476,Madagascar,2015,7660.0,555.0,1212.0,501.65,4685.0,3303.0,45.0,161.0
477,Madagascar,2016,7728.0,561.0,1180.0,537.44,4697.0,3400.0,49.0,173.0
478,Madagascar,2017,7815.0,566.0,1096.0,551.81,4582.0,3492.0,58.0,184.0
479,Madagascar,2018,8049.0,574.0,1098.0,563.81,4600.0,3522.0,60.0,192.0
480,Malawi,2014,10448.0,168.0,2706.0,349.31999999999994,9442.0,3233.0,12.0,339.0
481,Malawi,2015,9575.0,163.0,2767.0,382.02,9435.0,3262.0,14.0,329.0
482,Malawi,2016,9521.0,181.0,2719.0,440.1,9278.0,3237.0,14.0,257.0
483,Malawi,2017,10221.0,186.0,2885.0,469.17999999999995,9841.0,3267.0,15.0,332.0
484,Malawi,2018,9753.0,192.0,3294.0,517.18,12632.0,3327.0,17.0,359.0
485,Malaysia,2014,106227.0,289.0,1944.0,4596.4,2916.0,8476.52,-50.0,299.0
486,Malaysia,2015,107549.0,301.0,2137.0,4579.16,3316.0,11981.519999999999,-98.0,315.0
487,Malaysia,2016,95193.0,265.0,1968.0,4520.14,3081.0,7109.34,-98.0,319.0
488,Malaysia,2017,108161.0,276.0,2061.0,4552.679999999999,3028.0,11903.98,-132.0,332.0
489,Malaysia,2018,106178.0,297.0,1902.0,4534.679999999999,3094.0,10601.98,-163.0,311.0
490,Maldives,2014,73.0,12.0,20.0,90.82,39.0,34.0,1.0,5.0
491,Maldives,2015,75.0,13.0,22.0,90.21999999999998,39.0,37.0,2.0,4.0
492,Maldives,2016,84.0,15.0,30.0,91.02,51.0,45.0,2.0,4.0
493,Maldives,2017,82.0,15.0,31.0,82.47,50.0,39.0,2.0,6.0
494,Maldives,2018,79.0,15.0,30.0,86.47,50.0,41.0,3.0,6.0
495,Mali,2014,8562.0,1535.0,1028.0,605.26,1973.0,692.0,9.0,608.0
496,Mali,2015,9496.0,1267.0,869.0,639.63,2453.0,736.0,8.0,737.0
497,Mali,2016,10305.0,1301.0,1160.0,704.3000000000001,3143.0,752.0,13.0,656.0
498,Mali,2017,10233.0,1738.0,1164.0,729.5199999999999,2704.0,802.0,14.0,697.0
499,Mali,2018,11357.0,2133.0,1270.0,675.5199999999999,3114.0,763.0,11.0,616.0
500,Malta,2014,135.0,63.0,26.0,82.47,106.0,60.0,2.0,31.0
501,Malta,2015,150.0,60.0,30.0,76.87,107.0,63.0,2.0,34.0
502,Malta,2016,141.0,63.0,32.0,106.81,102.0,59.0,2.0,33.0
503,Malta,2017,140.0,66.0,34.0,124.58999999999997,104.0,56.08,2.0,36.0
504,Malta,2018,146.0,68.0,33.0,123.58999999999997,98.0,56.08,1.0,37.0
505,Mauritania,2014,881.0,402.0,40.0,191.95,172.0,309.54999999999995,13.0,0.0
506,Mauritania,2015,901.0,418.0,46.0,208.91000000000003,166.0,349.05,14.0,0.0
507,Mauritania,2016,937.0,420.0,46.0,203.36999999999998,185.0,330.14000000000004,14.0,0.0
508,Mauritania,2017,972.0,399.0,50.0,200.76000000000002,207.0,408.22,15.0,0.0
509,Mauritania,2018,1010.0,438.0,52.0,206.76000000000002,261.0,378.22,15.0,0.0
510,Mauritius,2014,348.0,27.0,45.0,114.53,115.0,4137.35,3.0,43.0
511,Mauritius,2015,340.0,27.0,48.0,113.47999999999999,110.0,4105.21,2.0,36.0
512,Mauritius,2016,324.0,27.0,48.0,117.99,122.0,3892.28,3.0,41.0
513,Mauritius,2017,326.0,27.0,46.0,132.45999999999998,118.0,3815.3,3.0,45.0
514,Mauritius,2018,326.0,28.0,48.0,135.45999999999998,113.0,3260.3,3.0,45.0
515,Mexico,2014,60769.0,12263.0,11267.0,13085.76,8181.0,64890.98,73.0,7058.0
516,Mexico,2015,58495.0,12646.0,11695.0,13541.54,8619.0,63878.71,80.0,7206.0
517,Mexico,2016,61538.0,12955.0,12606.0,13895.94,9340.0,65114.03,90.0,7330.0
518,Mexico,2017,64864.0,13083.0,12900.0,14101.250000000002,10235.0,65623.27,86.0,7557.0
519,Mexico,2018,66203.0,13267.0,13332.0,14514.250000000002,10804.0,65082.27,86.0,7666.0
520,Mongolia,2014,509.0,540.0,29.0,337.5199999999999,366.0,89.0,5.0,128.0
521,Mongolia,2015,430.0,619.0,29.0,388.63,311.0,84.0,5.0,127.0
522,Mongolia,2016,477.0,652.0,31.0,379.63,337.0,88.01,5.0,116.0
523,Mongolia,2017,467.0,675.0,31.0,396.84,285.0,88.01,5.0,110.0
524,Mongolia,2018,515.0,828.0,31.0,399.84,365.0,98.01,5.0,124.0
525,Montenegro,2014,149.0,241.0,74.0,60.21,85.0,96.0,5.0,53.0
526,Montenegro,2015,147.0,270.0,84.0,64.32,103.0,97.0,4.0,56.0
527,Montenegro,2016,145.0,257.0,93.0,65.95,105.0,94.0,3.0,58.0
528,Montenegro,2017,146.0,246.0,89.0,65.53999999999999,104.0,96.0,3.0,57.0
529,Montenegro,2018,156.0,256.0,90.0,65.53999999999999,103.0,97.0,4.0,57.0
530,Morocco,2014,15906.0,2655.0,3669.0,2176.12,5972.0,5301.349999999999,93.0,142.0
531,Morocco,2015,14543.0,2699.0,3419.0,2324.08,5814.0,5665.14,96.0,129.0
532,Morocco,2016,16647.0,2759.0,3535.0,2303.29,5009.0,6470.01,98.0,127.0
533,Morocco,2017,16167.0,2809.0,3523.0,2428.05,5402.0,6018.8,102.0,141.0
534,Morocco,2018,16918.0,2840.0,4121.0,2457.05,5539.0,6355.8,103.0,162.0
535,Mozambique,2014,12070.0,560.0,993.0,586.5300000000001,9585.0,4171.0,30.0,218.0
536,Mozambique,2015,11906.0,567.0,1121.0,632.18,9131.0,3657.0,32.0,205.0
537,Mozambique,2016,12083.0,573.0,954.0,624.27,9282.0,3355.01,32.0,197.0
538,Mozambique,2017,12202.0,834.0,1087.0,681.34,9416.0,3514.01,33.0,228.0
539,Mozambique,2018,12290.0,860.0,1008.0,720.34,9637.0,4469.01,36.0,241.0
540,Myanmar,2014,37338.0,2199.0,2851.0,5394.37,6208.0,13372.0,73.0,1046.0
541,Myanmar,2015,36698.0,2414.0,3000.0,5573.800000000001,6253.0,12470.05,65.0,979.0
542,Myanmar,2016,36342.0,2469.0,2950.0,5718.54,6060.0,12975.32,117.0,833.0
543,Myanmar,2017,34531.0,2463.0,2998.0,5765.94,5942.0,13235.02,134.0,983.0
544,Myanmar,2018,36457.0,2466.0,3087.0,5997.94,5859.0,13973.02,120.0,1021.0
545,Namibia,2014,382.0,150.0,80.0,108.11,458.0,126.76,3.0,217.0
546,Namibia,2015,411.0,156.0,82.0,108.31999999999998,466.0,131.77,3.0,216.0
547,Namibia,2016,422.0,163.0,78.0,112.32,467.0,135.77,2.0,213.0
548,Namibia,2017,439.0,161.0,82.0,121.59,467.0,138.73999999999998,2.0,186.0
549,Namibia,2018,458.0,148.0,77.0,122.59,463.0,138.73999999999998,2.0,199.0
550,Nepal,2014,10859.0,1860.0,1744.0,583.84,7011.0,3603.0,12.0,64.0
551,Nepal,2015,10749.0,1872.0,1796.0,585.6899999999999,7092.0,3718.0,13.0,64.0
552,Nepal,2016,10946.0,2011.0,1812.0,595.8000000000001,7572.0,5077.0,13.0,72.0
553,Nepal,2017,11389.0,2071.0,1916.0,625.81,7439.0,4009.0,14.0,75.0
554,Nepal,2018,11547.0,2254.0,1286.0,652.81,7763.0,4290.0,14.0,76.0
555,Netherlands,2014,17091.0,9054.0,1556.0,2100.56,4411.0,10476.24,82.0,1354.0
556,Netherlands,2015,16786.0,8752.0,1648.0,2054.8399999999997,4561.0,8206.39,79.0,1419.0
557,Netherlands,2016,16738.0,9568.0,1503.0,2111.44,4764.0,8805.9,57.0,1641.0
558,Netherlands,2017,18210.0,8776.0,1524.0,1926.0700000000002,5387.0,11919.65,67.0,1351.0
559,Netherlands,2018,18636.0,10161.0,1559.0,2042.0700000000002,5055.0,11466.65,88.0,1246.0
560,New Caledonia,2014,55.0,11.0,28.0,41.42,31.0,14.09,1.0,19.0
561,New Caledonia,2015,56.0,10.0,35.0,37.839999999999996,29.0,15.04,1.0,19.0
562,New Caledonia,2016,58.0,11.0,39.0,38.71,27.0,15.1,1.0,19.0
563,New Caledonia,2017,59.0,11.0,37.0,39.769999999999996,25.0,15.09,1.0,19.0
564,New Caledonia,2018,63.0,11.0,35.0,39.769999999999996,27.0,15.09,1.0,19.0
565,New Zealand,2014,1939.0,10724.0,893.0,829.03,936.0,450.99,20.0,440.0
566,New Zealand,2015,2080.0,10869.0,788.0,846.1000000000001,983.0,462.35,23.0,399.0
567,New Zealand,2016,1790.0,10879.0,889.0,907.59,969.0,439.06,22.0,392.0
568,New Zealand,2017,1785.0,9992.0,809.0,868.73,979.0,473.79999999999995,21.0,431.0
569,New Zealand,2018,1991.0,10178.0,841.0,903.73,1049.0,501.79999999999995,23.0,475.0
570,Nicaragua,2014,1839.0,526.0,187.0,284.98,433.0,7535.79,-33.0,97.0
571,Nicaragua,2015,1887.0,533.0,237.0,273.82,559.0,6903.43,-15.0,101.0
572,Nicaragua,2016,2035.0,525.0,287.0,286.87,468.0,6699.45,3.0,105.0
573,Nicaragua,2017,2114.0,488.0,292.0,306.69000000000005,486.0,7673.36,-2.0,108.0
574,Nicaragua,2018,2123.0,551.0,284.0,282.69,447.0,7784.36,0.0,106.0
575,Niger,2014,7574.0,1013.0,518.0,292.74,2650.0,425.0,11.0,12.0
576,Niger,2015,8301.0,1216.0,563.0,252.37,2922.0,529.0,10.0,13.0
577,Niger,2016,8861.0,1274.0,605.0,262.72999999999996,3027.0,391.0,8.0,13.0
578,Niger,2017,8639.0,1334.0,624.0,267.92,3419.0,333.0,8.0,14.0
579,Niger,2018,9569.0,1357.0,623.0,273.92,3588.0,323.0,9.0,11.0
580,Nigeria,2014,103862.0,610.0,11561.0,4701.869999999999,120706.0,6686.24,8.0,5318.0
581,Nigeria,2015,105491.0,534.0,11920.0,4412.669999999999,123086.0,6699.110000000001,8.0,3663.0
582,Nigeria,2016,111437.0,541.0,12024.0,3979.0299999999997,129183.0,6366.05,8.0,3645.0
583,Nigeria,2017,107364.0,543.0,12171.0,4046.1,125778.0,6760.200000000001,8.0,3445.0
584,Nigeria,2018,112580.0,551.0,12369.0,4100.1,130695.0,6529.200000000001,11.0,2760.0
585,North Macedonia,2014,820.0,478.0,295.0,109.69,627.0,163.01,10.0,47.0
586,North Macedonia,2015,797.0,468.0,420.0,111.15,726.0,168.01,10.0,72.0
587,North Macedonia,2016,872.0,530.0,417.0,106.89,691.0,164.01,10.0,73.0
588,North Macedonia,2017,752.0,513.0,267.0,114.96,719.0,174.0,9.0,54.0
589,North Macedonia,2018,820.0,548.0,424.0,112.96,750.0,188.0,9.0,52.0
590,Norway,2014,2647.0,1629.0,343.0,2314.8699999999994,729.0,836.27,47.0,421.0
591,Norway,2015,2640.0,1672.0,345.0,2114.9,711.0,855.97,47.0,424.0
592,Norway,2016,2550.0,1662.0,341.0,2050.32,756.0,895.51,47.0,452.0
593,Norway,2017,2538.0,1641.0,348.0,2264.75,731.0,911.85,47.0,448.0
594,Norway,2018,2535.0,1676.0,343.0,2268.75,706.0,922.85,46.0,456.0
595,Oman,2014,927.0,448.0,610.0,398.96999999999997,473.0,263.01,9.0,34.0
596,Oman,2015,985.0,517.0,648.0,430.23,487.0,239.46,9.0,36.0
597,Oman,2016,987.0,516.0,687.0,445.13,538.0,329.22999999999996,10.0,30.0
598,Oman,2017,1048.0,502.0,688.0,575.5500000000001,825.0,314.08,9.0,38.0
599,Oman,2018,1032.0,522.0,715.0,584.5500000000001,864.0,333.08,11.0,36.0
600,Pakistan,2014,42708.0,40254.0,4210.0,4560.780000000001,8768.0,71125.01,132.0,14.0
601,Pakistan,2015,42423.0,41568.0,4134.0,4747.13,9184.0,74040.02,139.0,13.0
602,Pakistan,2016,44013.0,42933.0,4458.0,4932.06,9154.0,84362.04000000001,148.0,25.0
603,Pakistan,2017,45430.0,44324.0,4704.0,5092.06,9219.0,92581.01999999999,157.0,20.0
604,Pakistan,2018,45150.0,45767.0,4707.0,5266.06,9955.0,76913.01999999999,170.0,20.0
605,Panama,2014,1283.0,306.0,330.0,421.91999999999996,174.0,2656.21,5.0,353.0
606,Panama,2015,1417.0,281.0,323.0,433.52000000000004,157.0,2684.33,7.0,356.0
607,Panama,2016,1527.0,273.0,357.0,441.00000000000006,158.0,2970.29,6.0,347.0
608,Panama,2017,1507.0,293.0,397.0,445.88,157.0,3007.1,6.0,372.0
609,Panama,2018,1530.0,306.0,382.0,462.88,186.0,3251.1,7.0,369.0
610,Papua New Guinea,2014,2980.0,12.0,3500.0,759.27,2365.0,448.0,9.0,108.0
611,Papua New Guinea,2015,2995.0,12.0,3294.0,754.88,2438.0,415.0,23.0,104.0
612,Papua New Guinea,2016,3199.0,13.0,3434.0,843.5,2475.0,435.0,11.0,104.0
613,Papua New Guinea,2017,3293.0,12.0,3404.0,794.5000000000001,2471.0,448.0,10.0,110.0
614,Papua New Guinea,2018,3290.0,10.0,3491.0,803.5000000000001,2497.0,444.0,21.0,93.0
615,Paraguay,2014,10049.0,528.0,277.0,419.21999999999997,3338.0,6728.0,94.0,392.0
616,Paraguay,2015,10720.0,519.0,290.0,379.96,3451.0,7061.0,104.0,471.0
617,Paraguay,2016,10498.0,515.0,275.0,405.61,3323.0,7065.0,109.0,498.0
618,Paraguay,2017,10931.0,351.0,280.0,528.0900000000001,3459.0,6968.0,108.0,546.0
619,Paraguay,2018,11132.0,339.0,307.0,509.09,3620.0,6524.0,121.0,535.0
620,Peru,2014,12289.0,1735.0,4493.0,2806.12,8772.0,13305.609999999999,56.0,1544.0
621,Peru,2015,13037.0,1817.0,4486.0,3015.7400000000002,8924.0,12286.45,93.0,1577.0
622,Peru,2016,13363.0,1843.0,4666.0,3088.91,8570.0,12003.87,55.0,1615.0
623,Peru,2017,14006.0,1905.0,4449.0,3266.21,8919.0,11583.01,110.0,1757.0
624,Peru,2018,14542.0,1951.0,4540.0,3443.21,9116.0,12600.01,129.0,1730.0
625,Philippines,2014,35672.0,93.0,25777.0,7726.7699999999995,10433.0,27999.39,258.0,1890.0
626,Philippines,2015,36988.0,92.0,27896.0,7918.92,10746.0,26028.49,269.0,1923.0
627,Philippines,2016,36219.0,112.0,26485.0,8063.72,11180.0,25501.54,302.0,2100.0
628,Philippines,2017,38080.0,94.0,25775.0,8153.27,11273.0,32931.25,283.0,2190.0
629,Philippines,2018,38570.0,108.0,26157.0,8341.27,11340.0,28244.25,307.0,2192.0
630,Poland,2014,30559.0,12012.0,2793.0,4275.82,11412.0,16282.18,63.0,4522.0
631,Poland,2015,28011.0,12073.0,3062.0,4525.38,9934.0,12324.83,54.0,4546.0
632,Poland,2016,28000.0,12039.0,3302.0,4748.629999999999,11434.0,16667.489999999998,83.0,4626.0
633,Poland,2017,30232.0,11956.0,2600.0,4694.96,11541.0,18319.510000000002,96.0,4530.0
634,Poland,2018,27783.0,12334.0,3943.0,4874.96,9878.0,18429.510000000002,100.0,4639.0
635,Portugal,2014,6208.0,2365.0,2107.0,1657.2100000000003,2019.0,969.92,54.0,1110.0
636,Portugal,2015,6039.0,2511.0,2443.0,1692.16,1860.0,995.9499999999999,55.0,1124.0
637,Portugal,2016,5946.0,2503.0,2144.0,1707.55,1932.0,896.71,55.0,1133.0
638,Portugal,2017,6469.0,2501.0,2691.0,1709.9499999999998,1884.0,808.88,57.0,1112.0
639,Portugal,2018,6950.0,2606.0,2494.0,1752.9499999999998,1819.0,839.88,61.0,1139.0
640,Republic of Korea,2014,24100.0,2447.0,2887.0,6348.650000000001,13308.0,4008.0699999999997,72.0,4011.0
641,Republic of Korea,2015,24329.0,2407.0,2617.0,6661.990000000001,12121.0,3984.9700000000003,73.0,4069.0
642,Republic of Korea,2016,24474.0,2331.0,2658.0,6768.979999999999,11872.0,4128.900000000001,79.0,4153.0
643,Republic of Korea,2017,23966.0,2345.0,2751.0,6978.920000000001,12262.0,4344.29,83.0,4267.0
644,Republic of Korea,2018,24237.0,2930.0,2525.0,7161.920000000001,12640.0,4503.29,95.0,4479.0
645,Republic of Moldova,2014,2275.0,550.0,708.0,255.26,572.0,1742.0,4.0,197.0
646,Republic of Moldova,2015,2013.0,535.0,653.0,248.48000000000002,457.0,848.0,3.0,160.0
647,Republic of Moldova,2016,2298.0,493.0,667.0,257.62,551.0,937.0,3.0,141.0
648,Republic of Moldova,2017,2372.0,503.0,788.0,249.79000000000002,519.0,1169.0,3.0,141.0
649,Republic of Moldova,2018,2402.0,466.0,861.0,268.79,497.0,1070.0,4.0,144.0
650,Romania,2014,15376.0,5032.0,2485.0,1976.8300000000002,6799.0,2696.0699999999997,50.0,2385.0
651,Romania,2015,14247.0,4991.0,2523.0,2075.6600000000003,6398.0,2249.9900000000002,51.0,2380.0
652,Romania,2016,15095.0,5018.0,2541.0,2113.07,6182.0,2210.02,55.0,2339.0
653,Romania,2017,15048.0,4934.0,2815.0,2088.21,6532.0,2316.42,57.0,2366.0
654,Romania,2018,18887.0,4971.0,3280.0,1987.21,6444.0,1921.4199999999998,60.0,2287.0
655,Russian Federation,2014,89869.0,33885.0,8312.0,17384.4,46561.0,53166.93,376.0,12305.0
656,Russian Federation,2015,90869.0,33103.0,7578.0,17106.97,47647.0,55857.26,355.0,9762.0
657,Russian Federation,2016,98422.0,32209.0,7577.0,17245.53,38957.0,61139.1,366.0,9655.0
658,Russian Federation,2017,109734.0,32705.0,7844.0,17664.280000000002,38195.0,63355.72,367.0,9759.0
659,Russian Federation,2018,81349.0,33317.0,8745.0,17601.280000000002,39554.0,63252.72,357.0,9916.0
660,Rwanda,2014,2425.0,218.0,1964.0,182.5,4101.0,212.0,5.0,198.0
661,Rwanda,2015,2315.0,236.0,2031.0,206.85,4116.0,238.0,10.0,209.0
662,Rwanda,2016,2361.0,204.0,2051.0,216.48000000000002,3995.0,246.0,8.0,206.0
663,Rwanda,2017,2371.0,244.0,1895.0,209.26,4376.0,277.0,10.0,216.0
664,Rwanda,2018,2270.0,256.0,1936.0,209.26,4403.0,325.0,14.0,236.0
665,Saint Kitts and Nevis,2014,5.0,1.0,5.0,72.81,3.0,5.0,0.0,3.0
666,Saint Kitts and Nevis,2015,4.0,2.0,6.0,107.21,3.0,4.0,0.0,3.0
667,Saint Kitts and Nevis,2016,7.0,2.0,5.0,72.14,4.0,5.0,0.0,2.0
668,Saint Kitts and Nevis,2017,6.0,3.0,6.0,92.52000000000001,5.0,6.0,0.0,2.0
669,Saint Kitts and Nevis,2018,5.0,2.0,7.0,91.52000000000001,3.0,5.0,0.0,2.0
670,Saint Lucia,2014,24.0,6.0,27.0,24.24,15.0,11.0,0.0,6.0
671,Saint Lucia,2015,28.0,6.0,28.0,24.130000000000003,13.0,12.01,0.0,6.0
672,Saint Lucia,2016,24.0,6.0,25.0,24.02,14.0,11.01,0.0,5.0
673,Saint Lucia,2017,25.0,6.0,24.0,24.409999999999997,15.0,10.01,0.0,13.0
674,Saint Lucia,2018,26.0,6.0,30.0,23.409999999999997,13.0,11.01,0.0,12.0
675,Saint Vincent and the Grenadines,2014,31.0,3.0,74.0,93.06,18.0,7.0,0.0,3.0
676,Saint Vincent and the Grenadines,2015,28.0,3.0,68.0,38.86,17.0,8.0,0.0,2.0
677,Saint Vincent and the Grenadines,2016,27.0,4.0,67.0,35.76,14.0,8.0,0.0,3.0
678,Saint Vincent and the Grenadines,2017,30.0,3.0,68.0,45.58,17.0,11.0,0.0,3.0
679,Saint Vincent and the Grenadines,2018,27.0,3.0,71.0,45.58,18.0,11.0,0.0,4.0
680,Samoa,2014,16.0,7.0,212.0,35.04,37.0,23.0,0.0,5.0
681,Samoa,2015,15.0,7.0,214.0,32.76,37.0,17.0,0.0,2.0
682,Samoa,2016,14.0,8.0,211.0,34.12,37.0,17.0,0.0,5.0
683,Samoa,2017,17.0,8.0,218.0,33.66,38.0,16.0,0.0,5.0
684,Samoa,2018,20.0,10.0,221.0,33.66,38.0,19.0,0.0,3.0
685,Sao Tome and Principe,2014,37.0,1.0,78.0,14.09,14.0,13.0,0.0,6.0
686,Sao Tome and Principe,2015,38.0,1.0,78.0,14.469999999999999,11.0,14.0,0.0,5.0
687,Sao Tome and Principe,2016,38.0,2.0,78.0,14.78,17.0,13.0,0.0,6.0
688,Sao Tome and Principe,2017,39.0,2.0,84.0,13.850000000000001,18.0,14.0,0.0,4.0
689,Sao Tome and Principe,2018,41.0,2.0,80.0,13.850000000000001,18.0,13.0,0.0,5.0
690,Saudi Arabia,2014,17192.0,2178.0,1491.0,2423.8,2229.0,1793.17,91.0,20.0
691,Saudi Arabia,2015,16457.0,2049.0,2075.0,2598.82,2268.0,1747.81,94.0,57.0
692,Saudi Arabia,2016,18685.0,2355.0,2260.0,2686.44,2330.0,1824.29,96.0,69.0
693,Saudi Arabia,2017,19115.0,2294.0,2402.0,2436.61,2476.0,1866.57,96.0,66.0
694,Saudi Arabia,2018,18038.0,2228.0,2673.0,2394.61,2402.0,1888.57,98.0,74.0
695,Senegal,2014,4584.0,152.0,264.0,566.1700000000001,1190.0,1481.0,7.0,30.0
696,Senegal,2015,5230.0,153.0,255.0,524.42,1574.0,1469.03,10.0,30.0
697,Senegal,2016,5108.0,154.0,269.0,562.5699999999999,1458.0,1622.0,15.0,33.0
698,Senegal,2017,5427.0,155.0,296.0,581.9899999999999,1579.0,1733.02,16.0,35.0
699,Senegal,2018,5524.0,156.0,306.0,585.9899999999999,1464.0,1691.02,16.0,34.0
700,Serbia,2014,7375.0,1517.0,984.0,786.1899999999999,1522.0,3890.1,34.0,601.0
701,Serbia,2015,7524.0,1533.0,1116.0,761.2800000000001,1616.0,2359.11,36.0,562.0
702,Serbia,2016,7572.0,1525.0,1119.0,743.71,1663.0,3385.23,34.0,562.0
703,Serbia,2017,5877.0,1520.0,969.0,718.1899999999999,1514.0,3481.17,32.0,575.0
704,Serbia,2018,8682.0,1550.0,1192.0,739.1899999999999,1197.0,3165.17,33.0,586.0
705,Sierra Leone,2014,5598.0,170.0,266.0,298.96999999999997,4011.0,233.0,32.0,79.0
706,Sierra Leone,2015,5708.0,172.0,271.0,282.22999999999996,4068.0,230.0,20.0,28.0
707,Sierra Leone,2016,4393.0,173.0,274.0,283.90000000000003,2907.0,238.04,29.0,28.0
708,Sierra Leone,2017,4656.0,173.0,279.0,281.24,2966.0,244.0,28.0,30.0
709,Sierra Leone,2018,4711.0,174.0,284.0,283.24,3038.0,264.0,25.0,32.0
710,Slovakia,2014,2866.0,1070.0,248.0,410.30999999999995,599.0,2008.17,18.0,520.0
711,Slovakia,2015,2477.0,1054.0,279.0,407.13,583.0,1763.1299999999999,18.0,514.0
712,Slovakia,2016,2789.0,1224.0,273.0,459.35999999999996,631.0,2125.05,20.0,507.0
713,Slovakia,2017,2343.0,1203.0,286.0,489.75,708.0,1964.03,20.0,492.0
714,Slovakia,2018,2697.0,1215.0,291.0,470.75,611.0,2028.03,20.0,528.0
715,Slovenia,2014,974.0,531.0,269.0,207.07,300.0,177.01999999999998,11.0,204.0
716,Slovenia,2015,886.0,524.0,306.0,206.45999999999998,321.0,187.03,11.0,205.0
717,Slovenia,2016,881.0,520.0,276.0,212.91,326.0,173.01999999999998,11.0,209.0
718,Slovenia,2017,817.0,516.0,274.0,215.45999999999998,324.0,184.01999999999998,11.0,195.0
719,Slovenia,2018,918.0,506.0,320.0,205.45999999999998,303.0,161.01999999999998,12.0,161.0
720,Solomon Islands,2014,326.0,4.0,379.0,45.71,204.0,12.0,0.0,6.0
721,Solomon Islands,2015,350.0,4.0,339.0,41.160000000000004,210.0,16.0,0.0,6.0
722,Solomon Islands,2016,317.0,4.0,366.0,32.5,215.0,15.0,0.0,7.0
723,Solomon Islands,2017,352.0,4.0,349.0,29.12,217.0,14.0,0.0,7.0
724,Solomon Islands,2018,331.0,4.0,361.0,29.12,221.0,19.0,0.0,7.0
725,South Africa,2014,19122.0,3138.0,3192.0,4922.360000000001,4260.0,21610.440000000002,81.0,4184.0
726,South Africa,2015,19240.0,3383.0,3204.0,5048.999999999999,4524.0,18644.18,83.0,4233.0
727,South Africa,2016,18412.0,3397.0,2891.0,5056.220000000001,4165.0,18944.39,84.0,4159.0
728,South Africa,2017,19956.0,3495.0,2846.0,4848.62,4372.0,21262.13,85.0,4215.0
729,South Africa,2018,19155.0,3566.0,2800.0,5031.62,4342.0,23191.13,85.0,3764.0
730,Spain,2014,37817.0,9450.0,13009.0,7403.639999999999,7987.0,9206.83,90.0,5552.0
731,Spain,2015,38213.0,9328.0,14139.0,7459.0,7903.0,8993.57,104.0,5690.0
732,Spain,2016,38692.0,9568.0,15733.0,7459.27,7948.0,8557.93,107.0,5528.0
733,Spain,2017,37576.0,9613.0,14575.0,7482.889999999999,8042.0,9431.55,122.0,5554.0
734,Spain,2018,41426.0,9719.0,18712.0,7414.889999999999,7540.0,8956.55,139.0,6246.0
735,Sri Lanka,2014,5589.0,260.0,3447.0,985.38,1708.0,1775.05,29.0,153.0
736,Sri Lanka,2015,5791.0,314.0,3423.0,1017.62,1800.0,1546.07,28.0,169.0
737,Sri Lanka,2016,5806.0,394.0,4281.0,1033.15,1855.0,1678.05,16.0,184.0
738,Sri Lanka,2017,5749.0,405.0,3761.0,985.4000000000001,1737.0,1518.07,34.0,186.0
739,Sri Lanka,2018,5997.0,478.0,4093.0,976.4000000000001,1865.0,1573.07,16.0,164.0
740,Sudan,2014,9054.0,4421.0,2455.0,1262.5200000000002,3690.0,7316.05,44.0,152.0
741,Sudan,2015,9624.0,4486.0,2951.0,1243.29,3706.0,7466.0,64.0,7.0
742,Sudan,2016,10016.0,4539.0,2642.0,1247.3899999999999,3735.0,7567.0,40.0,8.0
743,Sudan,2017,10413.0,4580.0,2737.0,1279.8899999999999,3697.0,7358.0,21.0,2.0
744,Sudan,2018,11781.0,4625.0,2822.0,1284.8899999999999,3807.0,7452.0,53.0,8.0
745,Suriname,2014,215.0,8.0,65.0,61.16,55.0,169.0,0.0,71.0
746,Suriname,2015,209.0,8.0,57.0,68.4,54.0,170.0,0.0,68.0
747,Suriname,2016,199.0,8.0,63.0,70.02000000000001,60.0,172.0,0.0,51.0
748,Suriname,2017,218.0,8.0,65.0,61.68,57.0,174.0,0.0,57.0
749,Suriname,2018,231.0,7.0,58.0,63.68,57.0,172.0,0.0,58.0
750,Sweden,2014,4906.0,3541.0,599.0,1271.4799999999998,1757.0,3397.81,99.0,1017.0
751,Sweden,2015,5172.0,3500.0,612.0,1283.57,1745.0,2336.0099999999998,100.0,973.0
752,Sweden,2016,4846.0,3565.0,626.0,1296.2,1770.0,3361.89,102.0,945.0
753,Sweden,2017,5157.0,3583.0,630.0,1261.62,1733.0,3286.7400000000002,102.0,929.0
754,Sweden,2018,3822.0,3504.0,597.0,1273.62,1663.0,3265.7400000000002,105.0,973.0
755,Switzerland,2014,2332.0,4141.0,840.0,863.41,1144.0,2678.1200000000003,33.0,847.0
756,Switzerland,2015,2231.0,4120.0,778.0,854.15,1115.0,2281.14,47.0,853.0
757,Switzerland,2016,2172.0,4047.0,822.0,857.09,1130.0,1983.15,53.0,896.0
758,Switzerland,2017,2360.0,3989.0,826.0,843.78,1142.0,2295.11,58.0,860.0
759,Switzerland,2018,2195.0,4023.0,869.0,839.78,1141.0,1970.11,67.0,885.0
760,Tajikistan,2014,2567.0,928.0,393.0,168.15999999999997,2685.0,250.0,7.0,10.0
761,Tajikistan,2015,2640.0,976.0,425.0,172.13,2818.0,255.0,5.0,9.0
762,Tajikistan,2016,2837.0,981.0,414.0,170.48999999999998,2955.0,264.0,7.0,10.0
763,Tajikistan,2017,2787.0,1011.0,456.0,192.76000000000002,2961.0,263.0,7.0,13.0
764,Tajikistan,2018,2784.0,1040.0,473.0,185.76000000000002,3286.0,263.0,6.0,15.0
765,Thailand,2014,44557.0,1095.0,8593.0,4799.41,9039.0,108841.71,-23.0,3150.0
766,Thailand,2015,47933.0,1182.0,7758.0,4601.38,9273.0,99914.86,12.0,3235.0
767,Thailand,2016,46212.0,1204.0,7856.0,4578.789999999999,10352.0,99644.87999999999,82.0,3289.0
768,Thailand,2017,47895.0,1212.0,7226.0,5496.92,8552.0,99334.97,73.0,3414.0
769,Thailand,2018,55011.0,1218.0,7213.0,5501.92,16709.0,141272.97,100.0,3502.0
770,Timor-Leste,2014,309.0,8.0,25.0,49.06999999999999,107.0,41.0,3.0,4.0
771,Timor-Leste,2015,315.0,8.0,23.0,51.13,104.0,65.0,3.0,4.0
772,Timor-Leste,2016,322.0,7.0,25.0,51.67,101.0,46.0,2.0,4.0
773,Timor-Leste,2017,323.0,8.0,28.0,53.56,98.0,43.0,5.0,4.0
774,Timor-Leste,2018,331.0,8.0,26.0,55.56,95.0,67.0,2.0,4.0
775,Togo,2014,3152.0,73.0,68.0,187.98,2064.0,180.0,7.0,83.0
776,Togo,2015,2983.0,83.0,69.0,208.78,2029.0,226.0,7.0,89.0
777,Togo,2016,3055.0,92.0,69.0,203.50000000000006,2006.0,205.0,9.0,85.0
778,Togo,2017,3084.0,89.0,69.0,212.1,2038.0,248.0,11.0,88.0
779,Togo,2018,3123.0,98.0,44.0,214.1,2119.0,300.0,10.0,78.0
780,Trinidad and Tobago,2014,315.0,42.0,102.0,149.61999999999998,100.0,135.01999999999998,1.0,38.0
781,Trinidad and Tobago,2015,310.0,42.0,111.0,149.37000000000003,101.0,130.0,1.0,42.0
782,Trinidad and Tobago,2016,330.0,42.0,99.0,150.73,105.0,146.01,1.0,41.0
783,Trinidad and Tobago,2017,339.0,42.0,97.0,152.23999999999998,101.0,139.01999999999998,1.0,43.0
784,Trinidad and Tobago,2018,342.0,41.0,98.0,155.23999999999998,106.0,140.01999999999998,1.0,40.0
785,Tunisia,2014,5645.0,1335.0,1456.0,605.3299999999999,2656.0,884.11,33.0,144.0
786,Tunisia,2015,5669.0,1466.0,2830.0,611.9200000000001,2945.0,899.18,31.0,144.0
787,Tunisia,2016,5939.0,1517.0,1849.0,614.54,2859.0,890.33,31.0,139.0
788,Tunisia,2017,5793.0,1537.0,1662.0,611.59,2871.0,915.43,39.0,141.0
789,Tunisia,2018,6241.0,1493.0,2030.0,608.59,2685.0,957.43,28.0,157.0
790,Turkey,2014,43885.0,18692.0,10940.0,4564.710000000001,19936.0,21762.17,291.0,1337.0
791,Turkey,2015,47091.0,18728.0,10688.0,4884.77,20698.0,21002.08,304.0,1263.0
792,Turkey,2016,43888.0,18532.0,11503.0,5055.43,21529.0,23689.99,298.0,1123.0
793,Turkey,2017,45867.0,20719.0,12516.0,5344.58,21999.0,26105.51,352.0,1150.0
794,Turkey,2018,45474.0,22129.0,11773.0,5366.58,21525.0,23755.51,364.0,1240.0
795,Turkmenistan,2014,2048.0,2133.0,426.0,465.77,983.0,289.0,6.0,63.0
796,Turkmenistan,2015,2103.0,2130.0,426.0,480.72999999999996,942.0,397.0,6.0,52.0
797,Turkmenistan,2016,2066.0,2139.0,426.0,473.20000000000005,959.0,386.0,7.0,46.0
798,Turkmenistan,2017,1782.0,2135.0,444.0,477.97,952.0,375.0,7.0,51.0
799,Turkmenistan,2018,2043.0,2125.0,433.0,464.97,942.0,293.0,7.0,49.0
800,Uganda,2014,8025.0,1521.0,5190.0,1106.8799999999999,6155.0,5485.0,15.0,2881.0
801,Uganda,2015,7971.0,1565.0,4910.0,1046.32,6309.0,5475.01,16.0,3012.0
802,Uganda,2016,8047.0,1542.0,3997.0,1045.3,6343.0,4211.0,17.0,2622.0
803,Uganda,2017,8288.0,1517.0,4084.0,1060.03,6412.0,5026.0,10.0,2435.0
804,Uganda,2018,8311.0,1954.0,4037.0,1098.03,6400.0,5742.0,34.0,2455.0
805,Ukraine,2014,42096.0,11085.0,2363.0,4226.84,31947.0,20752.05,71.0,3096.0
806,Ukraine,2015,35665.0,10554.0,2299.0,3768.82,29310.0,14866.04,59.0,2587.0
807,Ukraine,2016,43476.0,10368.0,2410.0,3689.41,29612.0,16574.059999999998,63.0,2086.0
808,Ukraine,2017,34060.0,10482.0,2195.0,3716.83,29667.0,17472.07,61.0,2002.0
809,Ukraine,2018,45387.0,10285.0,2473.0,3726.83,30202.0,18209.07,68.0,2096.0
810,United Arab Emirates,2014,4218.0,534.0,1043.0,1141.43,1507.0,2117.19,79.0,270.0
811,United Arab Emirates,2015,4450.0,543.0,1128.0,1280.47,1611.0,1697.21,72.0,135.0
812,United Arab Emirates,2016,4470.0,594.0,1181.0,1269.54,1631.0,1498.26,57.0,137.0
813,United Arab Emirates,2017,4420.0,625.0,1263.0,1220.2499999999998,1776.0,1587.1,63.0,364.0
814,United Arab Emirates,2018,4016.0,574.0,1062.0,1351.25,1621.0,1314.1,56.0,181.0
815,United Kingdom of Great Britain and Northern Ireland,2014,27016.0,17688.0,4063.0,7379.869999999999,11640.0,14767.61,291.0,6613.0
816,United Kingdom of Great Britain and Northern Ireland,2015,28004.0,17853.0,4037.0,7594.909999999999,11200.0,11420.18,291.0,6992.0
817,United Kingdom of Great Britain and Northern Ireland,2016,28354.0,16998.0,4247.0,7930.8099999999995,11320.0,10738.91,287.0,6751.0
818,United Kingdom of Great Britain and Northern Ireland,2017,29018.0,17569.0,4290.0,7932.77,11917.0,13922.64,298.0,6133.0
819,United Kingdom of Great Britain and Northern Ireland,2018,29874.0,17672.0,4262.0,7820.77,10673.0,12433.64,287.0,6455.0
820,United Republic of Tanzania,2014,18004.0,2235.0,5492.0,1038.7599999999998,11338.0,3842.01,16.0,3630.0
821,United Republic of Tanzania,2015,19016.0,2307.0,5858.0,1124.71,12131.0,3966.0,-16.0,3334.0
822,United Republic of Tanzania,2016,18692.0,2383.0,5767.0,1111.6000000000001,12301.0,4235.01,14.0,3189.0
823,United Republic of Tanzania,2017,17996.0,2338.0,4810.0,1134.7500000000002,9962.0,4337.0,17.0,3078.0
824,United Republic of Tanzania,2018,21298.0,2656.0,5677.0,1175.7500000000002,15390.0,4419.0,-8.0,2972.0
825,United States of America,2014,415974.0,92717.0,26883.0,54024.49,47097.0,94060.81,1528.0,32358.0
826,United States of America,2015,424381.0,93573.0,27394.0,55844.64,47225.0,96409.83,1551.0,32871.0
827,United States of America,2016,469982.0,95775.0,28147.0,57046.06999999999,50229.0,99327.17,1567.0,33225.0
828,United States of America,2017,442203.0,96615.0,29052.0,58319.38999999999,50402.0,100437.33,1580.0,32194.0
829,United States of America,2018,421001.0,97511.0,29368.0,59363.38999999999,48767.0,102800.33,1602.0,30259.0
830,Uruguay,2014,1962.0,1522.0,281.0,343.68999999999994,376.0,754.06,34.0,184.0
831,Uruguay,2015,2138.0,1422.0,296.0,307.07000000000005,380.0,720.24,34.0,189.0
832,Uruguay,2016,1781.0,1168.0,275.0,287.29,390.0,650.0,33.0,195.0
833,Uruguay,2017,1708.0,1271.0,280.0,290.99,390.0,633.0799999999999,32.0,195.0
834,Uruguay,2018,1751.0,1316.0,307.0,269.99,382.0,634.0799999999999,34.0,190.0
835,Uzbekistan,2014,11372.0,8457.0,3499.0,1635.33,10364.0,1087.01,27.0,380.0
836,Uzbekistan,2015,11724.0,9055.0,3625.0,1726.61,11173.0,1074.01,31.0,406.0
837,Uzbekistan,2016,12177.0,9685.0,3535.0,1769.4199999999998,12305.0,1183.0,28.0,394.0
838,Uzbekistan,2017,10347.0,10022.0,3314.0,1756.15,12013.0,1014.02,30.0,356.0
839,Uzbekistan,2018,11860.0,10436.0,3428.0,1857.15,10939.0,922.02,36.0,280.0
840,Vanuatu,2014,27.0,5.0,217.0,36.43000000000001,68.0,15.0,0.0,0.0
841,Vanuatu,2015,33.0,5.0,322.0,47.82000000000001,67.0,16.0,0.0,0.0
842,Vanuatu,2016,26.0,5.0,500.0,22.45,74.0,16.0,0.0,0.0
843,Vanuatu,2017,31.0,5.0,364.0,20.86,72.0,12.0,0.0,0.0
844,Vanuatu,2018,28.0,5.0,301.0,22.86,70.0,11.0,0.0,1.0
845,Venezuela (Bolivarian Republic of),2014,8539.0,3514.0,2522.0,3051.81,2724.0,8493.04,87.0,2174.0
846,Venezuela (Bolivarian Republic of),2015,7325.0,4080.0,2673.0,2314.61,2636.0,7455.31,87.0,2115.0
847,Venezuela (Bolivarian Republic of),2016,7719.0,3794.0,2705.0,1894.98,2501.0,5235.1900000000005,60.0,1435.0
848,Venezuela (Bolivarian Republic of),2017,7709.0,2801.0,2692.0,1607.71,2468.0,5471.0,58.0,1346.0
849,Venezuela (Bolivarian Republic of),2018,7137.0,3057.0,2732.0,1623.71,2488.0,5814.0,57.0,843.0
850,Viet Nam,2014,49173.0,584.0,7667.0,10024.64,21536.0,22921.809999999998,32.0,1557.0
851,Viet Nam,2015,50291.0,747.0,7785.0,10982.66,20740.0,21898.5,-33.0,1661.0
852,Viet Nam,2016,53966.0,819.0,8047.0,11013.69,22355.0,20023.75,142.0,1801.0
853,Viet Nam,2017,48102.0,895.0,8203.0,11532.22,14988.0,21244.3,248.0,1789.0
854,Viet Nam,2018,60264.0,957.0,8485.0,12075.22,26130.0,21151.3,-30.0,1947.0
855,Yemen,2014,5267.0,403.0,852.0,758.7700000000001,755.0,1056.01,17.0,11.0
856,Yemen,2015,5449.0,348.0,784.0,651.35,684.0,1051.0,12.0,8.0
857,Yemen,2016,5138.0,338.0,796.0,591.7099999999999,729.0,1022.01,12.0,7.0
858,Yemen,2017,5394.0,338.0,729.0,558.05,761.0,1172.02,20.0,5.0
859,Yemen,2018,5715.0,451.0,823.0,636.05,791.0,1183.02,25.0,6.0
860,Zambia,2014,4377.0,425.0,147.0,485.21999999999997,1535.0,4857.0,9.0,477.0
861,Zambia,2015,4640.0,401.0,136.0,512.18,1536.0,4656.0,9.0,478.0
862,Zambia,2016,4763.0,385.0,134.0,571.9699999999999,1676.0,4483.0,10.0,508.0
863,Zambia,2017,4769.0,400.0,125.0,607.8,1687.0,4651.0,5.0,633.0
864,Zambia,2018,4835.0,502.0,130.0,693.8,1702.0,4968.0,4.0,683.0
865,Zimbabwe,2014,2556.0,473.0,231.0,384.26000000000005,539.0,4559.16,14.0,542.0
866,Zimbabwe,2015,2366.0,447.0,303.0,374.80000000000007,545.0,4081.1600000000003,13.0,391.0
867,Zimbabwe,2016,2426.0,441.0,308.0,364.46999999999997,539.0,4185.15,16.0,406.0
868,Zimbabwe,2017,2782.0,424.0,292.0,352.77,537.0,3801.09,13.0,445.0
869,Zimbabwe,2018,2676.0,433.0,242.0,369.77,547.0,4278.09,13.0,470.0
